Field_organism_sample_ID;Fieldwork_ID;Field_organism_sample_species_name;TAXREF_ID;Lab_pool_ID
Field_holothuria_001;2020-01-13_St_florent_port;Holothuria sp.;Holothuria sp.;Pool_holothuria_001
Field_holothuria_002;2020-01-13_St_florent_port;Holothuria sp.;Holothuria sp.;Pool_holothuria_002
Field_holothuria_003;2020-01-13_St_florent_port;Holothuria sp.;Holothuria sp.;Pool_holothuria_003
Field_holothuria_004;2020-01-13_St_florent_port;Holothuria sp.;Holothuria sp.;Pool_holothuria_004
Field_holothuria_005;2020-01-13_St_florent_port;Holothuria sp.;Holothuria sp.;Pool_holothuria_005
Field_holothuria_006;2020-01-13_St_florent_port;Holothuria sp.;Holothuria sp.;Pool_holothuria_006
Field_holothuria_007;2020-01-13_St_florent_port;Holothuria sp.;Holothuria sp.;Pool_holothuria_006
Field_holothuria_008;2020-01-13_St_florent_port;Holothuria sp.;Holothuria sp.;Pool_holothuria_006
Field_holothuria_009;2020-01-13_St_florent_port;Holothuria sp.;Holothuria sp.;Pool_holothuria_006
Field_holothuria_010;2020-01-13_Ile_rousse_port;Holothuria sp.;Holothuria sp.;Pool_holothuria_007
Field_holothuria_011;2020-01-13_Ile_rousse_port;Holothuria sp.;Holothuria sp.;Pool_holothuria_008
Field_holothuria_012;2020-01-13_Ile_rousse_port;Holothuria sp.;Holothuria sp.;Pool_holothuria_009
Field_holothuria_013;2020-01-13_Ile_rousse_port;Holothuria sp.;Holothuria sp.;Pool_holothuria_010
Field_holothuria_014;2020-01-13_Ile_rousse_port;Holothuria sp.;Holothuria sp.;Pool_holothuria_011
Field_holothuria_015;2020-01-13_Ile_rousse_port;Holothuria sp.;Holothuria sp.;Pool_holothuria_012
Field_holothuria_016;2020-01-13_Ile_rousse_port;Holothuria sp.;Holothuria sp.;Pool_holothuria_013
Field_holothuria_017;2020-01-14_STARESO_port;Holothuria sp.;Holothuria sp.;Pool_holothuria_014
Field_holothuria_018;2020-01-14_STARESO_port;Holothuria sp.;Holothuria sp.;Pool_holothuria_015
Field_holothuria_019;2020-01-14_STARESO_port;Holothuria sp.;Holothuria sp.;Pool_holothuria_016
Field_holothuria_020;2020-01-14_STARESO_port;Holothuria sp.;Holothuria sp.;Pool_holothuria_017
Field_holothuria_021;2020-01-14_STARESO_port;Holothuria sp.;Holothuria sp.;Pool_holothuria_018
Field_holothuria_022;2020-01-14_STARESO_port;Holothuria sp.;Holothuria sp.;Pool_holothuria_019
Field_holothuria_023;2020-01-14_STARESO_port;Holothuria sp.;Holothuria sp.;Pool_holothuria_020
Field_holothuria_024;2020-01-14_Calvi_port;Holothuria sp.;Holothuria sp.;Pool_holothuria_021
Field_holothuria_025;2020-01-14_Calvi_port;Holothuria sp.;Holothuria sp.;Pool_holothuria_022
Field_holothuria_026;2020-01-14_Calvi_port;Holothuria sp.;Holothuria sp.;Pool_holothuria_023
Field_holothuria_027;2020-01-14_Calvi_port;Holothuria sp.;Holothuria sp.;Pool_holothuria_024
Field_holothuria_028;2020-01-14_Calvi_port;Holothuria sp.;Holothuria sp.;Pool_holothuria_025
Field_holothuria_029;2020-01-14_Calvi_port;Holothuria sp.;Holothuria sp.;Pool_holothuria_026
Field_holothuria_030;2020-01-14_Calvi_port;Holothuria sp.;Holothuria sp.;Pool_holothuria_027
Field_holothuria_031;2020-09-21_STARESO_port;Holothuria sp.;Holothuria sp.;Pool_holothuria_028
Field_holothuria_032;2020-09-21_STARESO_port;Holothuria sp.;Holothuria sp.;Pool_holothuria_028
Field_holothuria_033;2020-09-21_STARESO_port;Holothuria sp.;Holothuria sp.;Pool_holothuria_028
Field_holothuria_034;2020-09-21_STARESO_port;Holothuria sp.;Holothuria sp.;Pool_holothuria_028
Field_holothuria_035;2020-09-21_STARESO_port;Holothuria sp.;Holothuria sp.;Pool_holothuria_028
Field_holothuria_036;2020-09-21_STARESO_port;Holothuria sp.;Holothuria sp.;Pool_holothuria_028
Field_holothuria_037;2020-09-21_STARESO_port;Holothuria sp.;Holothuria sp.;Pool_holothuria_028
Field_holothuria_038;2020-09-21_Calvi_port;Holothuria sp.;Holothuria sp.;Pool_holothuria_029
Field_holothuria_039;2020-09-21_Calvi_port;Holothuria sp.;Holothuria sp.;Pool_holothuria_029
Field_holothuria_040;2020-09-21_Calvi_port;Holothuria sp.;Holothuria sp.;Pool_holothuria_029
Field_holothuria_041;2020-09-21_Calvi_port;Holothuria sp.;Holothuria sp.;Pool_holothuria_029
Field_holothuria_042;2020-09-21_Calvi_port;Holothuria sp.;Holothuria sp.;Pool_holothuria_029
Field_holothuria_043;2020-09-21_Calvi_port;Holothuria sp.;Holothuria sp.;Pool_holothuria_029
Field_holothuria_044;2020-09-21_Calvi_port;Holothuria sp.;Holothuria sp.;Pool_holothuria_029
Field_holothuria_045;2020-09-22_St_florent_port;Holothuria sp.;Holothuria sp.;Pool_holothuria_030
Field_holothuria_046;2020-09-22_St_florent_port;Holothuria sp.;Holothuria sp.;Pool_holothuria_030
Field_holothuria_047;2020-09-22_St_florent_port;Holothuria sp.;Holothuria sp.;Pool_holothuria_030
Field_holothuria_048;2020-09-22_St_florent_port;Holothuria sp.;Holothuria sp.;Pool_holothuria_030
Field_holothuria_049;2020-09-22_Ile_rousse_port;Holothuria sp.;Holothuria sp.;Pool_holothuria_031
Field_holothuria_050;2020-09-22_Ile_rousse_port;Holothuria sp.;Holothuria sp.;Pool_holothuria_031
Field_holothuria_051;2020-09-22_Ile_rousse_port;Holothuria sp.;Holothuria sp.;Pool_holothuria_031
Field_holothuria_052;2020-09-22_Ile_rousse_port;Holothuria sp.;Holothuria sp.;Pool_holothuria_031
Field_holothuria_053;2020-09-22_Ile_rousse_port;Holothuria sp.;Holothuria sp.;Pool_holothuria_031
Field_holothuria_054;2020-09-22_Ile_rousse_port;Holothuria sp.;Holothuria sp.;Pool_holothuria_031
Field_holothuria_055;2020-09-22_Ile_rousse_port;Holothuria sp.;Holothuria sp.;Pool_holothuria_031
Field_mimachlamys_001;2019-10-16_L'Houmeau_marsh_reference;Mimachlamys varia;Mimachlamys varia;Pool_mimachlamys_01
Field_mimachlamys_002;2019-10-21_Minimes_fairing;Mimachlamys varia;Mimachlamys varia;Pool_mimachlamys_002
Field_mimachlamys_003;2019-10-21_Minimes_rain_waters;Mimachlamys varia;Mimachlamys varia;Pool_mimachlamys_003
Field_mimachlamys_004;2019-10-21_Minimes_oil;Mimachlamys varia;Mimachlamys varia;Pool_mimachlamys_004
Field_mimachlamys_005;2019-10-23_L'Houmeau_marsh_reference;Mimachlamys varia;Mimachlamys varia;Pool_mimachlamys_005
Field_mimachlamys_006;2019-11-04_Minimes_fairing;Mimachlamys varia;Mimachlamys varia;Pool_mimachlamys_006
Field_mimachlamys_007;2019-11-04_Minimes_rain_waters;Mimachlamys varia;Mimachlamys varia;Pool_mimachlamys_007
Field_mimachlamys_008;2019-11-04_Minimes_oil;Mimachlamys varia;Mimachlamys varia;Pool_mimachlamys_008
Field_mimachlamys_009;2019-11-06_L'Houmeau_marsh_reference;Mimachlamys varia;Mimachlamys varia;Pool_mimachlamys_009
Field_mimachlamys_010;2019-11-13_Minimes_fairing;Mimachlamys varia;Mimachlamys varia;Pool_mimachlamys_010
Field_mimachlamys_011;2019-11-13_Minimes_rain_waters;Mimachlamys varia;Mimachlamys varia;Pool_mimachlamys_011
Field_mimachlamys_012;2019-11-13_Minimes_oil;Mimachlamys varia;Mimachlamys varia;Pool_mimachlamys_012
Field_mimachlamys_013;2019-11-14_L'Houmeau_marsh_reference;Mimachlamys varia;Mimachlamys varia;Pool_mimachlamys_013
Field_mimachlamys_014;2020-01-20_L'Houmeau_marsh_reference;Mimachlamys varia;Mimachlamys varia;Pool_mimachlamys_014
Field_mimachlamys_015;2020-01-28_Minimes_fairing;Mimachlamys varia;Mimachlamys varia;Pool_mimachlamys_015
Field_mimachlamys_016;2020-01-28_Minimes_rain_waters;Mimachlamys varia;Mimachlamys varia;Pool_mimachlamys_016
Field_mimachlamys_017;2020-01-28_Minimes_oil;Mimachlamys varia;Mimachlamys varia;Pool_mimachlamys_017
Field_mimachlamys_018;2020-01-27_L'Houmeau_marsh_reference;Mimachlamys varia;Mimachlamys varia;Pool_mimachlamys_018
Field_mimachlamys_019;2020-02-11_Minimes_fairing;Mimachlamys varia;Mimachlamys varia;Pool_mimachlamys_019
Field_mimachlamys_020;2020-02-11_Minimes_rain_waters;Mimachlamys varia;Mimachlamys varia;Pool_mimachlamys_020
Field_mimachlamys_021;2020-02-11_Minimes_oil;Mimachlamys varia;Mimachlamys varia;Pool_mimachlamys_021
Field_mimachlamys_022;2020-04-27_L'Houmeau_marsh_reference;Mimachlamys varia;Mimachlamys varia;Pool_mimachlamys_022
Field_mimachlamys_023;2020-05-06_Minimes_fairing;Mimachlamys varia;Mimachlamys varia;Pool_mimachlamys_023
Field_mimachlamys_024;2020-02-20_Minimes_rain_waters;Mimachlamys varia;Mimachlamys varia;Pool_mimachlamys_024
Field_mimachlamys_025;2020-02-20_Minimes_oil;Mimachlamys varia;Mimachlamys varia;Pool_mimachlamys_025
Field_mimachlamys_026;2020-02-19_L'Houmeau_marsh_reference;Mimachlamys varia;Mimachlamys varia;Pool_mimachlamys_026
Field_mimachlamys_027;2020-04-06_L'Houmeau_marsh_reference;Mimachlamys varia;Mimachlamys varia;Pool_mimachlamys_027
Field_mimachlamys_028;2020-04-13_Minimes_fairing;Mimachlamys varia;Mimachlamys varia;Pool_mimachlamys_028
Field_mimachlamys_029;2020-04-13_Minimes_rain_waters;Mimachlamys varia;Mimachlamys varia;Pool_mimachlamys_029
Field_mimachlamys_030;2020-04-13_Minimes_oil;Mimachlamys varia;Mimachlamys varia;Pool_mimachlamys_030
Field_mimachlamys_031;2020-04-13_L'Houmeau_marsh_reference;Mimachlamys varia;Mimachlamys varia;Pool_mimachlamys_031
Field_mimachlamys_032;2020-04-27_Minimes_fairing;Mimachlamys varia;Mimachlamys varia;Pool_mimachlamys_032
Field_mimachlamys_033;2020-04-27_Minimes_rain_waters;Mimachlamys varia;Mimachlamys varia;Pool_mimachlamys_033
Field_mimachlamys_034;2020-04-27_Minimes_oil;Mimachlamys varia;Mimachlamys varia;Pool_mimachlamys_034
Field_mimachlamys_035;2020-02-10_L'Houmeau_marsh_reference;Mimachlamys varia;Mimachlamys varia;Pool_mimachlamys_035
Field_mimachlamys_036;2020-02-20_Minimes_fairing;Mimachlamys varia;Mimachlamys varia;Pool_mimachlamys_036
Field_mimachlamys_037;2020-05-06_Minimes_rain_waters;Mimachlamys varia;Mimachlamys varia;Pool_mimachlamys_037
Field_mimachlamys_038;2020-05-06_Minimes_oil;Mimachlamys varia;Mimachlamys varia;Pool_mimachlamys_038
Field_mimachlamys_039;2020-05-06_L'Houmeau_marsh_reference;Mimachlamys varia;Mimachlamys varia;Pool_mimachlamys_039
Field_mimachlamys_040;2020-10-14_L'Houmeau_marsh_reference;Mimachlamys varia;Mimachlamys varia;Pool_mimachlamys_040
Field_mimachlamys_041;2020-10-20_Minimes_fairing;Mimachlamys varia;Mimachlamys varia;Pool_mimachlamys_041
Field_mimachlamys_042;2020-10-20_Minimes_rain_waters;Mimachlamys varia;Mimachlamys varia;Pool_mimachlamys_042
Field_mimachlamys_043;2020-10-20_Minimes_oil;Mimachlamys varia;Mimachlamys varia;Pool_mimachlamys_043
Field_mimachlamys_044;2020-10-21_L'Houmeau_marsh_reference;Mimachlamys varia;Mimachlamys varia;Pool_mimachlamys_044
Field_mimachlamys_045;2020-11-03_Minimes_fairing;Mimachlamys varia;Mimachlamys varia;Pool_mimachlamys_045
Field_mimachlamys_046;2020-11-03_Minimes_rain_waters;Mimachlamys varia;Mimachlamys varia;Pool_mimachlamys_046
Field_mimachlamys_047;2020-11-03_Minimes_oil;Mimachlamys varia;Mimachlamys varia;Pool_mimachlamys_047
Field_mimachlamys_048;2020-11-04_L'Houmeau_marsh_reference;Mimachlamys varia;Mimachlamys varia;Pool_mimachlamys_048
Field_mimachlamys_049;2020-11-12_Minimes_fairing;Mimachlamys varia;Mimachlamys varia;Pool_mimachlamys_049
Field_mimachlamys_050;2020-11-12_Minimes_rain_waters;Mimachlamys varia;Mimachlamys varia;Pool_mimachlamys_050
Field_mimachlamys_051;2020-11-12_Minimes_oil;Mimachlamys varia;Mimachlamys varia;Pool_mimachlamys_051
Field_mimachlamys_052;2020-11-13_L'Houmeau_marsh_reference;Mimachlamys varia;Mimachlamys varia;Pool_mimachlamys_052
Field_mimachlamys_053;2021-01-26_L'Houmeau_marsh_reference;Mimachlamys varia;Mimachlamys varia;Pool_mimachlamys_053
Field_mimachlamys_054;2021-02-01_Minimes_fairing;Mimachlamys varia;Mimachlamys varia;Pool_mimachlamys_054
Field_mimachlamys_055;2021-02-01_Minimes_rain_waters;Mimachlamys varia;Mimachlamys varia;Pool_mimachlamys_055
Field_mimachlamys_056;2021-02-01_Minimes_oil;Mimachlamys varia;Mimachlamys varia;Pool_mimachlamys_056
Field_mimachlamys_057;2021-02-03_L'Houmeau_marsh_reference;Mimachlamys varia;Mimachlamys varia;Pool_mimachlamys_057
Field_mimachlamys_058;2021-02-15_Minimes_fairing;Mimachlamys varia;Mimachlamys varia;Pool_mimachlamys_058
Field_mimachlamys_059;2021-02-15_Minimes_rain_waters;Mimachlamys varia;Mimachlamys varia;Pool_mimachlamys_059
Field_mimachlamys_060;2021-02-15_Minimes_oil;Mimachlamys varia;Mimachlamys varia;Pool_mimachlamys_060
Field_mimachlamys_061;22021-02-16_L'Houmeau_marsh_reference;Mimachlamys varia;Mimachlamys varia;Pool_mimachlamys_061
Field_mimachlamys_062;2021-02-24_Minimes_fairing;Mimachlamys varia;Mimachlamys varia;Pool_mimachlamys_062
Field_mimachlamys_063;2021-02-24_Minimes_rain_waters;Mimachlamys varia;Mimachlamys varia;Pool_mimachlamys_063
Field_mimachlamys_064;2021-02-24_Minimes_oil;Mimachlamys varia;Mimachlamys varia;Pool_mimachlamys_064
Field_mimachlamys_065;2021-02-25_L'Houmeau_marsh_reference;Mimachlamys varia;Mimachlamys varia;Pool_mimachlamys_065
Field_mimachlamys_066;2021-04-07_L'Houmeau_marsh_reference;Mimachlamys varia;Mimachlamys varia;Pool_mimachlamys_066
Field_mimachlamys_067;2021-04-13_Minimes_fairing;Mimachlamys varia;Mimachlamys varia;Pool_mimachlamys_067
Field_mimachlamys_068;2021-04-13_Minimes_rain_waters;Mimachlamys varia;Mimachlamys varia;Pool_mimachlamys_068
Field_mimachlamys_069;2021-04-13_Minimes_oil;Mimachlamys varia;Mimachlamys varia;Pool_mimachlamys_069
Field_mimachlamys_070;2021-04-13_L'Houmeau_marsh_reference;Mimachlamys varia;Mimachlamys varia;Pool_mimachlamys_070
Field_mimachlamys_071;2021-04-29_Minimes_fairing;Mimachlamys varia;Mimachlamys varia;Pool_mimachlamys_071
Field_mimachlamys_072;2021-04-29_Minimes_rain_waters;Mimachlamys varia;Mimachlamys varia;Pool_mimachlamys_072
Field_mimachlamys_073;2021-04-29_Minimes_oil;Mimachlamys varia;Mimachlamys varia;Pool_mimachlamys_073
Field_mimachlamys_074;2021-04-28_L'Houmeau_marsh_reference;Mimachlamys varia;Mimachlamys varia;Pool_mimachlamys_074
Field_mimachlamys_075;2021-05-06_Minimes_fairing;Mimachlamys varia;Mimachlamys varia;Pool_mimachlamys_075
Field_mimachlamys_076;22021-05-06_Minimes_rain_waters;Mimachlamys varia;Mimachlamys varia;Pool_mimachlamys_076
Field_mimachlamys_077;2021-05-06_Minimes_oil;Mimachlamys varia;Mimachlamys varia;Pool_mimachlamys_077
Field_mimachlamys_078;2021-05-07_L'Houmeau_marsh_reference;Mimachlamys varia;Mimachlamys varia;Pool_mimachlamys_078
Field_mimachlamys_079;2021-10-08_L'Houmeau_marsh_reference;Mimachlamys varia;Mimachlamys varia;Pool_mimachlamys_079
Field_mimachlamys_080;2021-10-15_Minimes_fairing;Mimachlamys varia;Mimachlamys varia;Pool_mimachlamys_080
Field_mimachlamys_081;2021-10-15_Minimes_rain_waters;Mimachlamys varia;Mimachlamys varia;Pool_mimachlamys_081
Field_mimachlamys_082;2021-10-15_Minimes_oil;Mimachlamys varia;Mimachlamys varia;Pool_mimachlamys_082
Field_mimachlamys_083;2021-10-15_L'Houmeau_marsh_reference;Mimachlamys varia;Mimachlamys varia;Pool_mimachlamys_083
Field_mimachlamys_084;2021-10-29_Minimes_fairing;Mimachlamys varia;Mimachlamys varia;Pool_mimachlamys_084
Field_mimachlamys_085;2021-10-29_Minimes_rain_waters;Mimachlamys varia;Mimachlamys varia;Pool_mimachlamys_085
Field_mimachlamys_086;2021-10-29_Minimes_oil;Mimachlamys varia;Mimachlamys varia;Pool_mimachlamys_086
Field_mimachlamys_087;22021-10-29_L'Houmeau_marsh_reference;Mimachlamys varia;Mimachlamys varia;Pool_mimachlamys_087
Field_mimachlamys_088;2021-11-08_Minimes_fairing;Mimachlamys varia;Mimachlamys varia;Pool_mimachlamys_088
Field_mimachlamys_089;2021-11-08_Minimes_rain_waters;Mimachlamys varia;Mimachlamys varia;Pool_mimachlamys_089
Field_mimachlamys_090;2021-11-08_Minimes_oil;Mimachlamys varia;Mimachlamys varia;Pool_mimachlamys_090
Field_mimachlamys_091;2021-11-08_L'Houmeau_marsh_reference;Mimachlamys varia;Mimachlamys varia;Pool_mimachlamys_091
Field_mytilus_001;2020-01-13_St_florent_fairing;Mytilus galloprovincialis;Mytilus galloprovincialis;Pool_mytilus_001
Field_mytilus_002;2020-01-13_St_florent_fairing;Mytilus galloprovincialis;Mytilus galloprovincialis;Pool_mytilus_002
Field_mytilus_003;2020-01-13_St_florent_fairing;Mytilus galloprovincialis;Mytilus galloprovincialis;Pool_mytilus_003
Field_mytilus_004;2020-01-13_St_florent_fairing;Mytilus galloprovincialis;Mytilus galloprovincialis;Pool_mytilus_004
Field_mytilus_005;2020-01-13_St_florent_fairing;Mytilus galloprovincialis;Mytilus galloprovincialis;Pool_mytilus_005
Field_mytilus_006;2020-01-13_St_florent_fairing;Mytilus galloprovincialis;Mytilus galloprovincialis;Pool_mytilus_006
Field_mytilus_007;2020-01-13_St_florent_fairing;Mytilus galloprovincialis;Mytilus galloprovincialis;Pool_mytilus_007
Field_mytilus_008;2020-01-13_St_florent_fairing;Mytilus galloprovincialis;Mytilus galloprovincialis;Pool_mytilus_008
Field_mytilus_009;2020-01-13_St_florent_fairing;Mytilus galloprovincialis;Mytilus galloprovincialis;Pool_mytilus_009
Field_mytilus_010;2020-01-13_St_florent_fairing;Mytilus galloprovincialis;Mytilus galloprovincialis;Pool_mytilus_010
Field_mytilus_011;2020-01-13_St_florent_fairing;Mytilus galloprovincialis;Mytilus galloprovincialis;Pool_mytilus_011
Field_mytilus_012;2020-01-13_St_florent_fairing;Mytilus galloprovincialis;Mytilus galloprovincialis;Pool_mytilus_011
Field_mytilus_013;2020-01-13_St_florent_fairing;Mytilus galloprovincialis;Mytilus galloprovincialis;Pool_mytilus_011
Field_mytilus_014;2020-01-13_St_florent_fairing;Mytilus galloprovincialis;Mytilus galloprovincialis;Pool_mytilus_011
Field_mytilus_015;2020-01-13_St_florent_fairing;Mytilus galloprovincialis;Mytilus galloprovincialis;Pool_mytilus_011
Field_mytilus_016;2020-01-13_St_florent_fairing;Mytilus galloprovincialis;Mytilus galloprovincialis;Pool_mytilus_011
Field_mytilus_017;2020-01-13_St_florent_fairing;Mytilus galloprovincialis;Mytilus galloprovincialis;Pool_mytilus_011
Field_mytilus_018;2020-01-13_St_florent_fairing;Mytilus galloprovincialis;Mytilus galloprovincialis;Pool_mytilus_012
Field_mytilus_019;2020-01-13_St_florent_fairing;Mytilus galloprovincialis;Mytilus galloprovincialis;Pool_mytilus_013
Field_mytilus_020;2020-01-13_St_florent_fairing;Mytilus galloprovincialis;Mytilus galloprovincialis;Pool_mytilus_014
Field_mytilus_021;2020-01-13_St_florent_fairing;Mytilus galloprovincialis;Mytilus galloprovincialis;Pool_mytilus_015
Field_mytilus_022;2020-01-13_St_florent_fairing;Mytilus galloprovincialis;Mytilus galloprovincialis;Pool_mytilus_016
Field_mytilus_023;2020-01-13_St_florent_fairing;Mytilus galloprovincialis;Mytilus galloprovincialis;Pool_mytilus_017
Field_mytilus_024;2020-01-13_St_florent_fairing;Mytilus galloprovincialis;Mytilus galloprovincialis;Pool_mytilus_018
Field_mytilus_025;2020-01-13_St_florent_fairing;Mytilus galloprovincialis;Mytilus galloprovincialis;Pool_mytilus_019
Field_mytilus_026;2020-01-13_St_florent_fairing;Mytilus galloprovincialis;Mytilus galloprovincialis;Pool_mytilus_019
Field_mytilus_027;2020-01-13_St_florent_fairing;Mytilus galloprovincialis;Mytilus galloprovincialis;Pool_mytilus_019
Field_mytilus_028;2020-01-13_St_florent_fairing;Mytilus galloprovincialis;Mytilus galloprovincialis;Pool_mytilus_019
Field_mytilus_029;2020-01-13_St_florent_fairing;Mytilus galloprovincialis;Mytilus galloprovincialis;Pool_mytilus_019
Field_mytilus_030;2020-01-13_St_florent_fairing;Mytilus galloprovincialis;Mytilus galloprovincialis;Pool_mytilus_019
Field_mytilus_031;2020-09-21_STARESO_port;Mytilus galloprovincialis;Mytilus galloprovincialis;Pool_mytilus_020
Field_mytilus_032;2020-09-21_STARESO_port;Mytilus galloprovincialis;Mytilus galloprovincialis;Pool_mytilus_021
Field_mytilus_033;2020-09-21_STARESO_port;Mytilus galloprovincialis;Mytilus galloprovincialis;Pool_mytilus_022
Field_mytilus_034;2020-09-21_STARESO_port;Mytilus galloprovincialis;Mytilus galloprovincialis;Pool_mytilus_023
Field_mytilus_035;2020-09-21_STARESO_port;Mytilus galloprovincialis;Mytilus galloprovincialis;Pool_mytilus_024
Field_mytilus_036;2020-09-21_STARESO_port;Mytilus galloprovincialis;Mytilus galloprovincialis;Pool_mytilus_025
Field_mytilus_037;2020-09-21_STARESO_port;Mytilus galloprovincialis;Mytilus galloprovincialis;Pool_mytilus_026
Field_mytilus_038;2020-09-21_STARESO_port;Mytilus galloprovincialis;Mytilus galloprovincialis;Pool_mytilus_027
Field_mytilus_039;2020-09-21_STARESO_port;Mytilus galloprovincialis;Mytilus galloprovincialis;Pool_mytilus_028
Field_mytilus_040;2020-09-21_STARESO_port;Mytilus galloprovincialis;Mytilus galloprovincialis;Pool_mytilus_028
Field_mytilus_041;2020-09-21_STARESO_port;Mytilus galloprovincialis;Mytilus galloprovincialis;Pool_mytilus_028
Field_mytilus_042;2020-09-21_STARESO_port;Mytilus galloprovincialis;Mytilus galloprovincialis;Pool_mytilus_028
Field_mytilus_043;2020-09-21_STARESO_port;Mytilus galloprovincialis;Mytilus galloprovincialis;Pool_mytilus_028
Field_mytilus_044;2020-09-21_STARESO_port;Mytilus galloprovincialis;Mytilus galloprovincialis;Pool_mytilus_028
Field_mytilus_045;2020-09-21_STARESO_port;Mytilus galloprovincialis;Mytilus galloprovincialis;Pool_mytilus_028
Field_mytilus_046;2020-09-21_STARESO_port;Mytilus galloprovincialis;Mytilus galloprovincialis;Pool_mytilus_028
Field_mytilus_047;2020-09-21_Calvi_fairing;Mytilus galloprovincialis;Mytilus galloprovincialis;Pool_mytilus_029
Field_mytilus_048;2020-09-21_Calvi_fairing;Mytilus galloprovincialis;Mytilus galloprovincialis;Pool_mytilus_029
Field_mytilus_049;2020-09-21_Calvi_fairing;Mytilus galloprovincialis;Mytilus galloprovincialis;Pool_mytilus_029
Field_mytilus_050;2020-09-22_St_florent_fairing;Mytilus galloprovincialis;Mytilus galloprovincialis;Pool_mytilus_030
Field_mytilus_051;2020-09-22_St_florent_fairing;Mytilus galloprovincialis;Mytilus galloprovincialis;Pool_mytilus_031
Field_mytilus_052;2020-09-22_St_florent_fairing;Mytilus galloprovincialis;Mytilus galloprovincialis;Pool_mytilus_032
Field_mytilus_053;2020-09-22_St_florent_fairing;Mytilus galloprovincialis;Mytilus galloprovincialis;Pool_mytilus_033
Field_mytilus_054;2020-09-22_St_florent_fairing;Mytilus galloprovincialis;Mytilus galloprovincialis;Pool_mytilus_034
Field_mytilus_055;2020-09-22_St_florent_fairing;Mytilus galloprovincialis;Mytilus galloprovincialis;Pool_mytilus_035
Field_mytilus_056;2020-09-22_St_florent_fairing;Mytilus galloprovincialis;Mytilus galloprovincialis;Pool_mytilus_036
Field_mytilus_057;2020-09-22_St_florent_fairing;Mytilus galloprovincialis;Mytilus galloprovincialis;Pool_mytilus_037
Field_mytilus_058;2020-09-22_St_florent_fairing;Mytilus galloprovincialis;Mytilus galloprovincialis;Pool_mytilus_038
Field_mytilus_059;2020-09-22_St_florent_fairing;Mytilus galloprovincialis;Mytilus galloprovincialis;Pool_mytilus_038
Field_mytilus_060;2020-09-22_St_florent_fairing;Mytilus galloprovincialis;Mytilus galloprovincialis;Pool_mytilus_038
Field_mytilus_061;2020-09-22_St_florent_fairing;Mytilus galloprovincialis;Mytilus galloprovincialis;Pool_mytilus_038
Field_mytilus_062;2020-09-22_St_florent_fairing;Mytilus galloprovincialis;Mytilus galloprovincialis;Pool_mytilus_038
Field_mytilus_063;2020-09-22_St_florent_fairing;Mytilus galloprovincialis;Mytilus galloprovincialis;Pool_mytilus_038
Field_mytilus_064;2020-09-22_St_florent_fairing;Mytilus galloprovincialis;Mytilus galloprovincialis;Pool_mytilus_038
Field_mytilus_065;2020-09-22_St_florent_fairing;Mytilus galloprovincialis;Mytilus galloprovincialis;Pool_mytilus_038
Field_mytilus_066;2020-09-22_Ile_rousse_fairing;Mytilus galloprovincialis;Mytilus galloprovincialis;Pool_mytilus_039
Field_mytilus_067;2020-09-22_Ile_rousse_fairing;Mytilus galloprovincialis;Mytilus galloprovincialis;Pool_mytilus_040
Field_mytilus_068;2020-09-22_Ile_rousse_fairing;Mytilus galloprovincialis;Mytilus galloprovincialis;Pool_mytilus_041
Field_mytilus_069;2020-09-22_Ile_rousse_fairing;Mytilus galloprovincialis;Mytilus galloprovincialis;Pool_mytilus_042
Field_mytilus_070;2020-09-22_Ile_rousse_fairing;Mytilus galloprovincialis;Mytilus galloprovincialis;Pool_mytilus_043
Field_mytilus_071;2020-09-22_Ile_rousse_fairing;Mytilus galloprovincialis;Mytilus galloprovincialis;Pool_mytilus_044
Field_mytilus_072;2020-09-22_Ile_rousse_fairing;Mytilus galloprovincialis;Mytilus galloprovincialis;Pool_mytilus_045
Field_mytilus_073;2020-09-22_Ile_rousse_fairing;Mytilus galloprovincialis;Mytilus galloprovincialis;Pool_mytilus_046
Field_mytilus_074;2020-09-22_Ile_rousse_fairing;Mytilus galloprovincialis;Mytilus galloprovincialis;Pool_mytilus_047
Field_mytilus_075;2020-09-22_Ile_rousse_fairing;Mytilus galloprovincialis;Mytilus galloprovincialis;Pool_mytilus_047
Field_mytilus_076;2020-09-22_Ile_rousse_fairing;Mytilus galloprovincialis;Mytilus galloprovincialis;Pool_mytilus_047
Field_mytilus_077;2020-09-22_Ile_rousse_fairing;Mytilus galloprovincialis;Mytilus galloprovincialis;Pool_mytilus_047
Field_mytilus_078;2020-09-22_Ile_rousse_fairing;Mytilus galloprovincialis;Mytilus galloprovincialis;Pool_mytilus_047
Field_mytilus_079;2020-09-22_Ile_rousse_fairing;Mytilus galloprovincialis;Mytilus galloprovincialis;Pool_mytilus_047
Field_mytilus_080;2020-09-22_Ile_rousse_fairing;Mytilus galloprovincialis;Mytilus galloprovincialis;Pool_mytilus_047
Field_mytilus_081;2020-09-22_Ile_rousse_fairing;Mytilus galloprovincialis;Mytilus galloprovincialis;Pool_mytilus_047
Field_mytilus_082;2021-01-25_Calvi_oil;Mytilus galloprovincialis;Mytilus galloprovincialis;Pool_mytilus_048
Field_mytilus_083;2021-01-25_Calvi_oil;Mytilus galloprovincialis;Mytilus galloprovincialis;Pool_mytilus_049
Field_mytilus_084;2021-01-25_Calvi_oil;Mytilus galloprovincialis;Mytilus galloprovincialis;Pool_mytilus_050
Field_mytilus_085;2021-01-25_Calvi_oil;Mytilus galloprovincialis;Mytilus galloprovincialis;Pool_mytilus_051
Field_mytilus_086;2021-01-25_Calvi_oil;Mytilus galloprovincialis;Mytilus galloprovincialis;Pool_mytilus_052
Field_mytilus_087;2021-01-25_Calvi_oil;Mytilus galloprovincialis;Mytilus galloprovincialis;Pool_mytilus_053
Field_mytilus_088;2021-01-25_Calvi_oil;Mytilus galloprovincialis;Mytilus galloprovincialis;Pool_mytilus_054
Field_mytilus_089;2021-01-25_Calvi_oil;Mytilus galloprovincialis;Mytilus galloprovincialis;Pool_mytilus_055
Field_mytilus_090;2021-01-25_Calvi_oil;Mytilus galloprovincialis;Mytilus galloprovincialis;Pool_mytilus_056
Field_mytilus_091;2021-01-25_Calvi_oil;Mytilus galloprovincialis;Mytilus galloprovincialis;Pool_mytilus_057
Field_mytilus_092;2021-01-25_Calvi_oil;Mytilus galloprovincialis;Mytilus galloprovincialis;Pool_mytilus_058
Field_mytilus_093;2021-01-25_Calvi_oil;Mytilus galloprovincialis;Mytilus galloprovincialis;Pool_mytilus_058
Field_mytilus_094;2021-01-25_Calvi_oil;Mytilus galloprovincialis;Mytilus galloprovincialis;Pool_mytilus_058
Field_mytilus_095;2021-01-25_Calvi_oil;Mytilus galloprovincialis;Mytilus galloprovincialis;Pool_mytilus_058
Field_mytilus_096;2021-01-25_Calvi_oil;Mytilus galloprovincialis;Mytilus galloprovincialis;Pool_mytilus_058
Field_mytilus_097;2021-01-25_Calvi_oil;Mytilus galloprovincialis;Mytilus galloprovincialis;Pool_mytilus_058
Field_mytilus_098;2021-01-25_Calvi_oil;Mytilus galloprovincialis;Mytilus galloprovincialis;Pool_mytilus_058
Field_mytilus_099;2021-01-25_Calvi_oil;Mytilus galloprovincialis;Mytilus galloprovincialis;Pool_mytilus_058
Field_mytilus_100;2021-01-25_Calvi_fairing;Mytilus galloprovincialis;Mytilus galloprovincialis;Pool_mytilus_059
Field_mytilus_101;2021-01-25_Calvi_fairing;Mytilus galloprovincialis;Mytilus galloprovincialis;Pool_mytilus_060
Field_mytilus_102;2021-01-25_Calvi_fairing;Mytilus galloprovincialis;Mytilus galloprovincialis;Pool_mytilus_061
Field_mytilus_103;2021-01-25_Calvi_fairing;Mytilus galloprovincialis;Mytilus galloprovincialis;Pool_mytilus_062
Field_mytilus_104;2021-01-25_Calvi_fairing;Mytilus galloprovincialis;Mytilus galloprovincialis;Pool_mytilus_063
Field_mytilus_105;2021-01-25_Calvi_fairing;Mytilus galloprovincialis;Mytilus galloprovincialis;Pool_mytilus_064
Field_mytilus_106;2021-01-25_Calvi_fairing;Mytilus galloprovincialis;Mytilus galloprovincialis;Pool_mytilus_065
Field_mytilus_107;2021-01-25_Calvi_fairing;Mytilus galloprovincialis;Mytilus galloprovincialis;Pool_mytilus_066
Field_mytilus_108;2021-01-25_Calvi_fairing;Mytilus galloprovincialis;Mytilus galloprovincialis;Pool_mytilus_067
Field_mytilus_109;2021-01-25_Calvi_fairing;Mytilus galloprovincialis;Mytilus galloprovincialis;Pool_mytilus_068
Field_mytilus_110;2021-01-25_Calvi_fairing;Mytilus galloprovincialis;Mytilus galloprovincialis;Pool_mytilus_069
Field_mytilus_111;2021-01-25_Calvi_fairing;Mytilus galloprovincialis;Mytilus galloprovincialis;Pool_mytilus_069
Field_mytilus_112;2021-01-25_Calvi_fairing;Mytilus galloprovincialis;Mytilus galloprovincialis;Pool_mytilus_069
Field_mytilus_113;2021-01-25_Calvi_fairing;Mytilus galloprovincialis;Mytilus galloprovincialis;Pool_mytilus_069
Field_mytilus_114;2021-01-25_Calvi_fairing;Mytilus galloprovincialis;Mytilus galloprovincialis;Pool_mytilus_069
Field_mytilus_115;2021-01-25_Calvi_fairing;Mytilus galloprovincialis;Mytilus galloprovincialis;Pool_mytilus_069
Field_mytilus_116;2021-01-25_Calvi_fairing;Mytilus galloprovincialis;Mytilus galloprovincialis;Pool_mytilus_069
Field_mytilus_117;2021-01-25_Calvi_fairing;Mytilus galloprovincialis;Mytilus galloprovincialis;Pool_mytilus_069
Field_mytilus_118;2021-01-25_STARESO_port;Mytilus galloprovincialis;Mytilus galloprovincialis;Pool_mytilus_070
Field_mytilus_119;2021-01-25_STARESO_port;Mytilus galloprovincialis;Mytilus galloprovincialis;Pool_mytilus_071
Field_mytilus_120;2021-01-25_STARESO_port;Mytilus galloprovincialis;Mytilus galloprovincialis;Pool_mytilus_072
Field_mytilus_121;2021-01-25_STARESO_port;Mytilus galloprovincialis;Mytilus galloprovincialis;Pool_mytilus_073
Field_mytilus_122;2021-01-25_STARESO_port;Mytilus galloprovincialis;Mytilus galloprovincialis;Pool_mytilus_074
Field_mytilus_123;2021-01-25_STARESO_port;Mytilus galloprovincialis;Mytilus galloprovincialis;Pool_mytilus_075
Field_mytilus_124;2021-01-25_STARESO_port;Mytilus galloprovincialis;Mytilus galloprovincialis;Pool_mytilus_076
Field_mytilus_125;2021-01-25_STARESO_port;Mytilus galloprovincialis;Mytilus galloprovincialis;Pool_mytilus_077
Field_mytilus_126;2021-01-25_STARESO_port;Mytilus galloprovincialis;Mytilus galloprovincialis;Pool_mytilus_078
Field_mytilus_127;2021-01-25_STARESO_port;Mytilus galloprovincialis;Mytilus galloprovincialis;Pool_mytilus_079
Field_mytilus_128;2021-01-25_STARESO_port;Mytilus galloprovincialis;Mytilus galloprovincialis;Pool_mytilus_080
Field_mytilus_129;2021-01-25_STARESO_port;Mytilus galloprovincialis;Mytilus galloprovincialis;Pool_mytilus_080
Field_mytilus_130;2021-01-25_STARESO_port;Mytilus galloprovincialis;Mytilus galloprovincialis;Pool_mytilus_080
Field_mytilus_131;2021-01-25_STARESO_port;Mytilus galloprovincialis;Mytilus galloprovincialis;Pool_mytilus_080
Field_mytilus_132;2021-01-25_STARESO_port;Mytilus galloprovincialis;Mytilus galloprovincialis;Pool_mytilus_080
Field_mytilus_133;2021-01-25_STARESO_port;Mytilus galloprovincialis;Mytilus galloprovincialis;Pool_mytilus_080
Field_mytilus_134;2021-01-25_STARESO_port;Mytilus galloprovincialis;Mytilus galloprovincialis;Pool_mytilus_080
Field_mytilus_135;2021-01-25_STARESO_port;Mytilus galloprovincialis;Mytilus galloprovincialis;Pool_mytilus_080
Field_mytilus_136;2021-01-26_St_florent_oil;Mytilus galloprovincialis;Mytilus galloprovincialis;Pool_mytilus_081
Field_mytilus_137;2021-01-26_St_florent_oil;Mytilus galloprovincialis;Mytilus galloprovincialis;Pool_mytilus_082
Field_mytilus_138;2021-01-26_St_florent_oil;Mytilus galloprovincialis;Mytilus galloprovincialis;Pool_mytilus_083
Field_mytilus_139;2021-01-26_St_florent_oil;Mytilus galloprovincialis;Mytilus galloprovincialis;Pool_mytilus_084
Field_mytilus_140;2021-01-26_St_florent_oil;Mytilus galloprovincialis;Mytilus galloprovincialis;Pool_mytilus_085
Field_mytilus_141;2021-01-26_St_florent_oil;Mytilus galloprovincialis;Mytilus galloprovincialis;Pool_mytilus_086
Field_mytilus_142;2021-01-26_St_florent_oil;Mytilus galloprovincialis;Mytilus galloprovincialis;Pool_mytilus_087
Field_mytilus_143;2021-01-26_St_florent_oil;Mytilus galloprovincialis;Mytilus galloprovincialis;Pool_mytilus_088
Field_mytilus_144;2021-01-26_St_florent_oil;Mytilus galloprovincialis;Mytilus galloprovincialis;Pool_mytilus_089
Field_mytilus_145;2021-01-26_St_florent_oil;Mytilus galloprovincialis;Mytilus galloprovincialis;Pool_mytilus_090
Field_mytilus_146;2021-01-26_St_florent_oil;Mytilus galloprovincialis;Mytilus galloprovincialis;Pool_mytilus_091
Field_mytilus_147;2021-01-26_St_florent_oil;Mytilus galloprovincialis;Mytilus galloprovincialis;Pool_mytilus_091
Field_mytilus_148;2021-01-26_St_florent_oil;Mytilus galloprovincialis;Mytilus galloprovincialis;Pool_mytilus_091
Field_mytilus_149;2021-01-26_St_florent_oil;Mytilus galloprovincialis;Mytilus galloprovincialis;Pool_mytilus_091
Field_mytilus_150;2021-01-26_St_florent_oil;Mytilus galloprovincialis;Mytilus galloprovincialis;Pool_mytilus_091
Field_mytilus_151;2021-01-26_St_florent_oil;Mytilus galloprovincialis;Mytilus galloprovincialis;Pool_mytilus_091
Field_mytilus_152;2021-01-26_St_florent_oil;Mytilus galloprovincialis;Mytilus galloprovincialis;Pool_mytilus_091
Field_mytilus_153;2021-01-26_St_florent_oil;Mytilus galloprovincialis;Mytilus galloprovincialis;Pool_mytilus_091
Field_mytilus_154;2021-01-26_St_florent_fairing;Mytilus galloprovincialis;Mytilus galloprovincialis;Pool_mytilus_092
Field_mytilus_155;2021-01-26_St_florent_fairing;Mytilus galloprovincialis;Mytilus galloprovincialis;Pool_mytilus_093
Field_mytilus_156;2021-01-26_St_florent_fairing;Mytilus galloprovincialis;Mytilus galloprovincialis;Pool_mytilus_094
Field_mytilus_157;2021-01-26_St_florent_fairing;Mytilus galloprovincialis;Mytilus galloprovincialis;Pool_mytilus_095
Field_mytilus_158;2021-01-26_St_florent_fairing;Mytilus galloprovincialis;Mytilus galloprovincialis;Pool_mytilus_096
Field_mytilus_159;2021-01-26_St_florent_fairing;Mytilus galloprovincialis;Mytilus galloprovincialis;Pool_mytilus_097
Field_mytilus_160;2021-01-26_St_florent_fairing;Mytilus galloprovincialis;Mytilus galloprovincialis;Pool_mytilus_098
Field_mytilus_161;2021-01-26_St_florent_fairing;Mytilus galloprovincialis;Mytilus galloprovincialis;Pool_mytilus_099
Field_mytilus_162;2021-01-26_St_florent_fairing;Mytilus galloprovincialis;Mytilus galloprovincialis;Pool_mytilus_100
Field_mytilus_163;2021-01-26_St_florent_fairing;Mytilus galloprovincialis;Mytilus galloprovincialis;Pool_mytilus_101
Field_mytilus_164;2021-01-26_St_florent_fairing;Mytilus galloprovincialis;Mytilus galloprovincialis;Pool_mytilus_102
Field_mytilus_165;2021-01-26_St_florent_fairing;Mytilus galloprovincialis;Mytilus galloprovincialis;Pool_mytilus_102
Field_mytilus_166;2021-01-26_St_florent_fairing;Mytilus galloprovincialis;Mytilus galloprovincialis;Pool_mytilus_102
Field_mytilus_167;2021-01-26_St_florent_fairing;Mytilus galloprovincialis;Mytilus galloprovincialis;Pool_mytilus_102
Field_mytilus_168;2021-01-26_St_florent_fairing;Mytilus galloprovincialis;Mytilus galloprovincialis;Pool_mytilus_102
Field_mytilus_169;2021-01-26_St_florent_fairing;Mytilus galloprovincialis;Mytilus galloprovincialis;Pool_mytilus_102
Field_mytilus_170;2021-01-26_St_florent_fairing;Mytilus galloprovincialis;Mytilus galloprovincialis;Pool_mytilus_102
Field_mytilus_171;2021-01-26_St_florent_fairing;Mytilus galloprovincialis;Mytilus galloprovincialis;Pool_mytilus_102
Field_mytilus_172;2021-01-26_Ile_rousse_fairing;Mytilus galloprovincialis;Mytilus galloprovincialis;Pool_mytilus_103
Field_mytilus_173;2021-01-26_Ile_rousse_fairing;Mytilus galloprovincialis;Mytilus galloprovincialis;Pool_mytilus_104
Field_mytilus_174;2021-01-26_Ile_rousse_fairing;Mytilus galloprovincialis;Mytilus galloprovincialis;Pool_mytilus_105
Field_mytilus_175;2021-01-26_Ile_rousse_fairing;Mytilus galloprovincialis;Mytilus galloprovincialis;Pool_mytilus_106
Field_mytilus_176;2021-01-26_Ile_rousse_fairing;Mytilus galloprovincialis;Mytilus galloprovincialis;Pool_mytilus_107
Field_mytilus_177;2021-01-26_Ile_rousse_fairing;Mytilus galloprovincialis;Mytilus galloprovincialis;Pool_mytilus_108
Field_mytilus_178;2021-01-26_Ile_rousse_fairing;Mytilus galloprovincialis;Mytilus galloprovincialis;Pool_mytilus_109
Field_mytilus_179;2021-01-26_Ile_rousse_fairing;Mytilus galloprovincialis;Mytilus galloprovincialis;Pool_mytilus_110
Field_mytilus_180;2021-01-26_Ile_rousse_fairing;Mytilus galloprovincialis;Mytilus galloprovincialis;Pool_mytilus_111
Field_mytilus_181;2021-01-26_Ile_rousse_fairing;Mytilus galloprovincialis;Mytilus galloprovincialis;Pool_mytilus_112
Field_mytilus_182;2021-01-26_Ile_rousse_fairing;Mytilus galloprovincialis;Mytilus galloprovincialis;Pool_mytilus_113
Field_mytilus_183;2021-01-26_Ile_rousse_fairing;Mytilus galloprovincialis;Mytilus galloprovincialis;Pool_mytilus_113
Field_mytilus_184;2021-01-26_Ile_rousse_fairing;Mytilus galloprovincialis;Mytilus galloprovincialis;Pool_mytilus_113
Field_mytilus_185;2021-01-26_Ile_rousse_fairing;Mytilus galloprovincialis;Mytilus galloprovincialis;Pool_mytilus_113
Field_mytilus_186;2021-01-26_Ile_rousse_fairing;Mytilus galloprovincialis;Mytilus galloprovincialis;Pool_mytilus_113
Field_mytilus_187;2021-01-26_Ile_rousse_fairing;Mytilus galloprovincialis;Mytilus galloprovincialis;Pool_mytilus_113
Field_mytilus_188;2021-01-26_Ile_rousse_fairing;Mytilus galloprovincialis;Mytilus galloprovincialis;Pool_mytilus_113
Field_mytilus_189;2021-01-26_Ile_rousse_fairing;Mytilus galloprovincialis;Mytilus galloprovincialis;Pool_mytilus_113
Field_mytilus_190;2021-09-20_Calvi_oil;Mytilus galloprovincialis;Mytilus galloprovincialis;Pool_mytilus_114
Field_mytilus_191;2021-09-20_Calvi_oil;Mytilus galloprovincialis;Mytilus galloprovincialis;Pool_mytilus_115
Field_mytilus_192;2021-09-20_Calvi_oil;Mytilus galloprovincialis;Mytilus galloprovincialis;Pool_mytilus_116
Field_mytilus_193;2021-09-20_Calvi_oil;Mytilus galloprovincialis;Mytilus galloprovincialis;Pool_mytilus_117
Field_mytilus_194;2021-09-20_Calvi_oil;Mytilus galloprovincialis;Mytilus galloprovincialis;Pool_mytilus_118
Field_mytilus_195;2021-09-20_Calvi_oil;Mytilus galloprovincialis;Mytilus galloprovincialis;Pool_mytilus_119
Field_mytilus_196;2021-09-20_Calvi_oil;Mytilus galloprovincialis;Mytilus galloprovincialis;Pool_mytilus_120
Field_mytilus_197;2021-09-20_Calvi_oil;Mytilus galloprovincialis;Mytilus galloprovincialis;Pool_mytilus_121
Field_mytilus_198;2021-09-20_Calvi_oil;Mytilus galloprovincialis;Mytilus galloprovincialis;Pool_mytilus_122
Field_mytilus_199;2021-09-20_Calvi_oil;Mytilus galloprovincialis;Mytilus galloprovincialis;Pool_mytilus_123
Field_mytilus_200;2021-09-20_Calvi_oil;Mytilus galloprovincialis;Mytilus galloprovincialis;Pool_mytilus_124
Field_mytilus_201;2021-09-20_Calvi_oil;Mytilus galloprovincialis;Mytilus galloprovincialis;Pool_mytilus_124
Field_mytilus_202;2021-09-20_Calvi_oil;Mytilus galloprovincialis;Mytilus galloprovincialis;Pool_mytilus_124
Field_mytilus_203;2021-09-20_Calvi_oil;Mytilus galloprovincialis;Mytilus galloprovincialis;Pool_mytilus_124
Field_mytilus_204;2021-09-20_Calvi_oil;Mytilus galloprovincialis;Mytilus galloprovincialis;Pool_mytilus_124
Field_mytilus_205;2021-09-20_Calvi_oil;Mytilus galloprovincialis;Mytilus galloprovincialis;Pool_mytilus_124
Field_mytilus_206;2021-09-20_Calvi_oil;Mytilus galloprovincialis;Mytilus galloprovincialis;Pool_mytilus_124
Field_mytilus_207;2021-09-20_Calvi_oil;Mytilus galloprovincialis;Mytilus galloprovincialis;Pool_mytilus_124
Field_mytilus_208;2021-09-20_Calvi_fairing;Mytilus galloprovincialis;Mytilus galloprovincialis;Pool_mytilus_125
Field_mytilus_209;2021-09-20_Calvi_fairing;Mytilus galloprovincialis;Mytilus galloprovincialis;Pool_mytilus_126
Field_mytilus_210;2021-09-20_Calvi_fairing;Mytilus galloprovincialis;Mytilus galloprovincialis;Pool_mytilus_127
Field_mytilus_211;2021-09-20_Calvi_fairing;Mytilus galloprovincialis;Mytilus galloprovincialis;Pool_mytilus_128
Field_mytilus_212;2021-09-20_Calvi_fairing;Mytilus galloprovincialis;Mytilus galloprovincialis;Pool_mytilus_129
Field_mytilus_213;2021-09-20_Calvi_fairing;Mytilus galloprovincialis;Mytilus galloprovincialis;Pool_mytilus_130
Field_mytilus_214;2021-09-20_Calvi_fairing;Mytilus galloprovincialis;Mytilus galloprovincialis;Pool_mytilus_131
Field_mytilus_215;2021-09-20_Calvi_fairing;Mytilus galloprovincialis;Mytilus galloprovincialis;Pool_mytilus_132
Field_mytilus_216;2021-09-20_Calvi_fairing;Mytilus galloprovincialis;Mytilus galloprovincialis;Pool_mytilus_133
Field_mytilus_217;2021-09-20_Calvi_fairing;Mytilus galloprovincialis;Mytilus galloprovincialis;Pool_mytilus_134
Field_mytilus_218;2021-09-20_Calvi_fairing;Mytilus galloprovincialis;Mytilus galloprovincialis;Pool_mytilus_135
Field_mytilus_219;2021-09-20_Calvi_fairing;Mytilus galloprovincialis;Mytilus galloprovincialis;Pool_mytilus_135
Field_mytilus_220;2021-09-20_Calvi_fairing;Mytilus galloprovincialis;Mytilus galloprovincialis;Pool_mytilus_135
Field_mytilus_221;2021-09-20_Calvi_fairing;Mytilus galloprovincialis;Mytilus galloprovincialis;Pool_mytilus_135
Field_mytilus_222;2021-09-20_Calvi_fairing;Mytilus galloprovincialis;Mytilus galloprovincialis;Pool_mytilus_135
Field_mytilus_223;2021-09-20_Calvi_fairing;Mytilus galloprovincialis;Mytilus galloprovincialis;Pool_mytilus_135
Field_mytilus_224;2021-09-20_Calvi_fairing;Mytilus galloprovincialis;Mytilus galloprovincialis;Pool_mytilus_135
Field_mytilus_225;2021-09-20_Calvi_fairing;Mytilus galloprovincialis;Mytilus galloprovincialis;Pool_mytilus_135
Field_mytilus_226;2021-09-20_STARESO_port;Mytilus galloprovincialis;Mytilus galloprovincialis;Pool_mytilus_136
Field_mytilus_227;2021-09-20_STARESO_port;Mytilus galloprovincialis;Mytilus galloprovincialis;Pool_mytilus_137
Field_mytilus_228;2021-09-20_STARESO_port;Mytilus galloprovincialis;Mytilus galloprovincialis;Pool_mytilus_138
Field_mytilus_229;2021-09-20_STARESO_port;Mytilus galloprovincialis;Mytilus galloprovincialis;Pool_mytilus_139
Field_mytilus_230;2021-09-20_STARESO_port;Mytilus galloprovincialis;Mytilus galloprovincialis;Pool_mytilus_140
Field_mytilus_231;2021-09-20_STARESO_port;Mytilus galloprovincialis;Mytilus galloprovincialis;Pool_mytilus_141
Field_mytilus_232;2021-09-20_STARESO_port;Mytilus galloprovincialis;Mytilus galloprovincialis;Pool_mytilus_142
Field_mytilus_233;2021-09-20_STARESO_port;Mytilus galloprovincialis;Mytilus galloprovincialis;Pool_mytilus_143
Field_mytilus_234;2021-09-20_STARESO_port;Mytilus galloprovincialis;Mytilus galloprovincialis;Pool_mytilus_144
Field_mytilus_235;2021-09-20_STARESO_port;Mytilus galloprovincialis;Mytilus galloprovincialis;Pool_mytilus_145
Field_mytilus_236;2021-09-20_STARESO_port;Mytilus galloprovincialis;Mytilus galloprovincialis;Pool_mytilus_146
Field_mytilus_237;2021-09-20_STARESO_port;Mytilus galloprovincialis;Mytilus galloprovincialis;Pool_mytilus_146
Field_mytilus_238;2021-09-20_STARESO_port;Mytilus galloprovincialis;Mytilus galloprovincialis;Pool_mytilus_146
Field_mytilus_239;2021-09-20_STARESO_port;Mytilus galloprovincialis;Mytilus galloprovincialis;Pool_mytilus_146
Field_mytilus_240;2021-09-20_STARESO_port;Mytilus galloprovincialis;Mytilus galloprovincialis;Pool_mytilus_146
Field_mytilus_241;2021-09-20_STARESO_port;Mytilus galloprovincialis;Mytilus galloprovincialis;Pool_mytilus_146
Field_mytilus_242;2021-09-20_STARESO_port;Mytilus galloprovincialis;Mytilus galloprovincialis;Pool_mytilus_146
Field_mytilus_243;2021-09-20_STARESO_port;Mytilus galloprovincialis;Mytilus galloprovincialis;Pool_mytilus_146
Field_mytilus_244;2021-09-21_St_florent_oil;Mytilus galloprovincialis;Mytilus galloprovincialis;Pool_mytilus_147
Field_mytilus_245;2021-09-21_St_florent_oil;Mytilus galloprovincialis;Mytilus galloprovincialis;Pool_mytilus_148
Field_mytilus_246;2021-09-21_St_florent_oil;Mytilus galloprovincialis;Mytilus galloprovincialis;Pool_mytilus_149
Field_mytilus_247;2021-09-21_St_florent_oil;Mytilus galloprovincialis;Mytilus galloprovincialis;Pool_mytilus_150
Field_mytilus_248;2021-09-21_St_florent_oil;Mytilus galloprovincialis;Mytilus galloprovincialis;Pool_mytilus_151
Field_mytilus_249;2021-09-21_St_florent_oil;Mytilus galloprovincialis;Mytilus galloprovincialis;Pool_mytilus_152
Field_mytilus_250;2021-09-21_St_florent_oil;Mytilus galloprovincialis;Mytilus galloprovincialis;Pool_mytilus_153
Field_mytilus_251;2021-09-21_St_florent_oil;Mytilus galloprovincialis;Mytilus galloprovincialis;Pool_mytilus_154
Field_mytilus_252;2021-09-21_St_florent_oil;Mytilus galloprovincialis;Mytilus galloprovincialis;Pool_mytilus_155
Field_mytilus_253;2021-09-21_St_florent_oil;Mytilus galloprovincialis;Mytilus galloprovincialis;Pool_mytilus_156
Field_mytilus_254;2021-09-21_St_florent_oil;Mytilus galloprovincialis;Mytilus galloprovincialis;Pool_mytilus_157
Field_mytilus_255;2021-09-21_St_florent_oil;Mytilus galloprovincialis;Mytilus galloprovincialis;Pool_mytilus_157
Field_mytilus_256;2021-09-21_St_florent_oil;Mytilus galloprovincialis;Mytilus galloprovincialis;Pool_mytilus_157
Field_mytilus_257;2021-09-21_St_florent_oil;Mytilus galloprovincialis;Mytilus galloprovincialis;Pool_mytilus_157
Field_mytilus_258;2021-09-21_St_florent_oil;Mytilus galloprovincialis;Mytilus galloprovincialis;Pool_mytilus_157
Field_mytilus_259;2021-09-21_St_florent_oil;Mytilus galloprovincialis;Mytilus galloprovincialis;Pool_mytilus_157
Field_mytilus_260;2021-09-21_St_florent_oil;Mytilus galloprovincialis;Mytilus galloprovincialis;Pool_mytilus_157
Field_mytilus_261;2021-09-21_St_florent_oil;Mytilus galloprovincialis;Mytilus galloprovincialis;Pool_mytilus_157
Field_mytilus_262;2021-09-21_St_florent_fairing;Mytilus galloprovincialis;Mytilus galloprovincialis;Pool_mytilus_158
Field_mytilus_263;2021-09-21_St_florent_fairing;Mytilus galloprovincialis;Mytilus galloprovincialis;Pool_mytilus_159
Field_mytilus_264;2021-09-21_St_florent_fairing;Mytilus galloprovincialis;Mytilus galloprovincialis;Pool_mytilus_160
Field_mytilus_265;2021-09-21_St_florent_fairing;Mytilus galloprovincialis;Mytilus galloprovincialis;Pool_mytilus_161
Field_mytilus_266;2021-09-21_St_florent_fairing;Mytilus galloprovincialis;Mytilus galloprovincialis;Pool_mytilus_162
Field_mytilus_267;2021-09-21_St_florent_fairing;Mytilus galloprovincialis;Mytilus galloprovincialis;Pool_mytilus_163
Field_mytilus_268;2021-09-21_St_florent_fairing;Mytilus galloprovincialis;Mytilus galloprovincialis;Pool_mytilus_164
Field_mytilus_269;2021-09-21_St_florent_fairing;Mytilus galloprovincialis;Mytilus galloprovincialis;Pool_mytilus_165
Field_mytilus_270;2021-09-21_St_florent_fairing;Mytilus galloprovincialis;Mytilus galloprovincialis;Pool_mytilus_166
Field_mytilus_271;2021-09-21_St_florent_fairing;Mytilus galloprovincialis;Mytilus galloprovincialis;Pool_mytilus_167
Field_mytilus_272;2021-09-21_St_florent_fairing;Mytilus galloprovincialis;Mytilus galloprovincialis;Pool_mytilus_168
Field_mytilus_273;2021-09-21_St_florent_fairing;Mytilus galloprovincialis;Mytilus galloprovincialis;Pool_mytilus_168
Field_mytilus_274;2021-09-21_St_florent_fairing;Mytilus galloprovincialis;Mytilus galloprovincialis;Pool_mytilus_168
Field_mytilus_275;2021-09-21_St_florent_fairing;Mytilus galloprovincialis;Mytilus galloprovincialis;Pool_mytilus_168
Field_mytilus_276;2021-09-21_St_florent_fairing;Mytilus galloprovincialis;Mytilus galloprovincialis;Pool_mytilus_168
Field_mytilus_277;2021-09-21_St_florent_fairing;Mytilus galloprovincialis;Mytilus galloprovincialis;Pool_mytilus_168
Field_mytilus_278;2021-09-21_St_florent_fairing;Mytilus galloprovincialis;Mytilus galloprovincialis;Pool_mytilus_168
Field_mytilus_279;2021-09-21_St_florent_fairing;Mytilus galloprovincialis;Mytilus galloprovincialis;Pool_mytilus_168
Field_mytilus_280;2021-09-21_Ile_rousse_oil;Mytilus galloprovincialis;Mytilus galloprovincialis;Pool_mytilus_169
Field_mytilus_281;2021-09-21_Ile_rousse_oil;Mytilus galloprovincialis;Mytilus galloprovincialis;Pool_mytilus_170
Field_mytilus_282;2021-09-21_Ile_rousse_oil;Mytilus galloprovincialis;Mytilus galloprovincialis;Pool_mytilus_171
Field_mytilus_283;2021-09-21_Ile_rousse_oil;Mytilus galloprovincialis;Mytilus galloprovincialis;Pool_mytilus_172
Field_mytilus_284;2021-09-21_Ile_rousse_oil;Mytilus galloprovincialis;Mytilus galloprovincialis;Pool_mytilus_173
Field_mytilus_285;2021-09-21_Ile_rousse_oil;Mytilus galloprovincialis;Mytilus galloprovincialis;Pool_mytilus_174
Field_mytilus_286;2021-09-21_Ile_rousse_oil;Mytilus galloprovincialis;Mytilus galloprovincialis;Pool_mytilus_175
Field_mytilus_287;2021-09-21_Ile_rousse_oil;Mytilus galloprovincialis;Mytilus galloprovincialis;Pool_mytilus_176
Field_mytilus_288;2021-09-21_Ile_rousse_oil;Mytilus galloprovincialis;Mytilus galloprovincialis;Pool_mytilus_177
Field_mytilus_289;2021-09-21_Ile_rousse_oil;Mytilus galloprovincialis;Mytilus galloprovincialis;Pool_mytilus_178
Field_mytilus_290;2021-09-21_Ile_rousse_oil;Mytilus galloprovincialis;Mytilus galloprovincialis;Pool_mytilus_179
Field_mytilus_291;2021-09-21_Ile_rousse_oil;Mytilus galloprovincialis;Mytilus galloprovincialis;Pool_mytilus_179
Field_mytilus_292;2021-09-21_Ile_rousse_oil;Mytilus galloprovincialis;Mytilus galloprovincialis;Pool_mytilus_179
Field_mytilus_293;2021-09-21_Ile_rousse_oil;Mytilus galloprovincialis;Mytilus galloprovincialis;Pool_mytilus_179
Field_mytilus_294;2021-09-21_Ile_rousse_oil;Mytilus galloprovincialis;Mytilus galloprovincialis;Pool_mytilus_179
Field_mytilus_295;2021-09-21_Ile_rousse_oil;Mytilus galloprovincialis;Mytilus galloprovincialis;Pool_mytilus_179
Field_mytilus_296;2021-09-21_Ile_rousse_oil;Mytilus galloprovincialis;Mytilus galloprovincialis;Pool_mytilus_179
Field_mytilus_297;2021-09-21_Ile_rousse_oil;Mytilus galloprovincialis;Mytilus galloprovincialis;Pool_mytilus_179
Field_mytilus_298;2021-09-21_Ile_rousse_fairing;Mytilus galloprovincialis;Mytilus galloprovincialis;Pool_mytilus_180
Field_mytilus_299;2021-09-21_Ile_rousse_fairing;Mytilus galloprovincialis;Mytilus galloprovincialis;Pool_mytilus_181
Field_mytilus_300;2021-09-21_Ile_rousse_fairing;Mytilus galloprovincialis;Mytilus galloprovincialis;Pool_mytilus_182
Field_mytilus_301;2021-09-21_Ile_rousse_fairing;Mytilus galloprovincialis;Mytilus galloprovincialis;Pool_mytilus_183
Field_mytilus_302;2021-09-21_Ile_rousse_fairing;Mytilus galloprovincialis;Mytilus galloprovincialis;Pool_mytilus_184
Field_mytilus_303;2021-09-21_Ile_rousse_fairing;Mytilus galloprovincialis;Mytilus galloprovincialis;Pool_mytilus_185
Field_mytilus_304;2021-09-21_Ile_rousse_fairing;Mytilus galloprovincialis;Mytilus galloprovincialis;Pool_mytilus_186
Field_mytilus_305;2021-09-21_Ile_rousse_fairing;Mytilus galloprovincialis;Mytilus galloprovincialis;Pool_mytilus_187
Field_mytilus_306;2021-09-21_Ile_rousse_fairing;Mytilus galloprovincialis;Mytilus galloprovincialis;Pool_mytilus_188
Field_mytilus_307;2021-09-21_Ile_rousse_fairing;Mytilus galloprovincialis;Mytilus galloprovincialis;Pool_mytilus_189
Field_mytilus_308;2021-09-21_Ile_rousse_fairing;Mytilus galloprovincialis;Mytilus galloprovincialis;Pool_mytilus_190
Field_mytilus_309;2021-09-21_Ile_rousse_fairing;Mytilus galloprovincialis;Mytilus galloprovincialis;Pool_mytilus_190
Field_mytilus_310;2021-09-21_Ile_rousse_fairing;Mytilus galloprovincialis;Mytilus galloprovincialis;Pool_mytilus_190
Field_mytilus_311;2021-09-21_Ile_rousse_fairing;Mytilus galloprovincialis;Mytilus galloprovincialis;Pool_mytilus_190
Field_mytilus_312;2021-09-21_Ile_rousse_fairing;Mytilus galloprovincialis;Mytilus galloprovincialis;Pool_mytilus_190
Field_mytilus_313;2021-09-21_Ile_rousse_fairing;Mytilus galloprovincialis;Mytilus galloprovincialis;Pool_mytilus_190
Field_mytilus_314;2021-09-21_Ile_rousse_fairing;Mytilus galloprovincialis;Mytilus galloprovincialis;Pool_mytilus_190
Field_mytilus_315;2021-09-21_Ile_rousse_fairing;Mytilus galloprovincialis;Mytilus galloprovincialis;Pool_mytilus_190
Field_mytilus_316;2021-08-17_Diana_mussel_farm;Mytilus galloprovincialis;Mytilus galloprovincialis;Pool_mytilus_191
Field_mytilus_317;2021-08-17_Diana_mussel_farm;Mytilus galloprovincialis;Mytilus galloprovincialis;Pool_mytilus_191
Field_mytilus_318;2021-08-17_Diana_mussel_farm;Mytilus galloprovincialis;Mytilus galloprovincialis;Pool_mytilus_191
Field_mytilus_319;2021-08-17_Diana_mussel_farm;Mytilus galloprovincialis;Mytilus galloprovincialis;Pool_mytilus_191
Field_mytilus_320;2021-08-17_Diana_mussel_farm;Mytilus galloprovincialis;Mytilus galloprovincialis;Pool_mytilus_191
Field_mytilus_321;2021-08-17_Diana_mussel_farm;Mytilus galloprovincialis;Mytilus galloprovincialis;Pool_mytilus_191
Field_mytilus_322;2021-08-17_Diana_mussel_farm;Mytilus galloprovincialis;Mytilus galloprovincialis;Pool_mytilus_191
Field_mytilus_323;2021-08-17_Diana_mussel_farm;Mytilus galloprovincialis;Mytilus galloprovincialis;Pool_mytilus_191
Field_mytilus_324;2022-01-24_Calvi_oil;Mytilus galloprovincialis;Mytilus galloprovincialis;Pool_mytilus_192
Field_mytilus_325;2022-01-24_Calvi_oil;Mytilus galloprovincialis;Mytilus galloprovincialis;Pool_mytilus_192
Field_mytilus_326;2022-01-24_Calvi_oil;Mytilus galloprovincialis;Mytilus galloprovincialis;Pool_mytilus_192
Field_mytilus_327;2022-01-24_Calvi_oil;Mytilus galloprovincialis;Mytilus galloprovincialis;Pool_mytilus_192
Field_mytilus_328;2022-01-24_Calvi_oil;Mytilus galloprovincialis;Mytilus galloprovincialis;Pool_mytilus_192
Field_mytilus_329;2022-01-24_Calvi_oil;Mytilus galloprovincialis;Mytilus galloprovincialis;Pool_mytilus_192
Field_mytilus_330;2022-01-24_Calvi_oil;Mytilus galloprovincialis;Mytilus galloprovincialis;Pool_mytilus_192
Field_mytilus_331;2022-01-24_Calvi_oil;Mytilus galloprovincialis;Mytilus galloprovincialis;Pool_mytilus_192
Field_mytilus_332;2022-01-24_Calvi_fairing;Mytilus galloprovincialis;Mytilus galloprovincialis;Pool_mytilus_193
Field_mytilus_333;2022-01-24_Calvi_fairing;Mytilus galloprovincialis;Mytilus galloprovincialis;Pool_mytilus_193
Field_mytilus_334;2022-01-24_Calvi_fairing;Mytilus galloprovincialis;Mytilus galloprovincialis;Pool_mytilus_193
Field_mytilus_335;2022-01-24_Calvi_fairing;Mytilus galloprovincialis;Mytilus galloprovincialis;Pool_mytilus_193
Field_mytilus_336;2022-01-24_Calvi_fairing;Mytilus galloprovincialis;Mytilus galloprovincialis;Pool_mytilus_193
Field_mytilus_337;2022-01-24_Calvi_fairing;Mytilus galloprovincialis;Mytilus galloprovincialis;Pool_mytilus_193
Field_mytilus_338;2022-01-24_Calvi_fairing;Mytilus galloprovincialis;Mytilus galloprovincialis;Pool_mytilus_193
Field_mytilus_339;2022-01-24_Calvi_fairing;Mytilus galloprovincialis;Mytilus galloprovincialis;Pool_mytilus_193
Field_mytilus_340;2022-01-24_STARESO_port;Mytilus galloprovincialis;Mytilus galloprovincialis;Pool_mytilus_194
Field_mytilus_341;2022-01-24_STARESO_port;Mytilus galloprovincialis;Mytilus galloprovincialis;Pool_mytilus_194
Field_mytilus_342;2022-01-24_STARESO_port;Mytilus galloprovincialis;Mytilus galloprovincialis;Pool_mytilus_194
Field_mytilus_343;2022-01-24_STARESO_port;Mytilus galloprovincialis;Mytilus galloprovincialis;Pool_mytilus_194
Field_mytilus_344;2022-01-24_STARESO_port;Mytilus galloprovincialis;Mytilus galloprovincialis;Pool_mytilus_194
Field_mytilus_345;2022-01-24_STARESO_port;Mytilus galloprovincialis;Mytilus galloprovincialis;Pool_mytilus_194
Field_mytilus_346;2022-01-24_STARESO_port;Mytilus galloprovincialis;Mytilus galloprovincialis;Pool_mytilus_194
Field_mytilus_347;2022-01-24_STARESO_port;Mytilus galloprovincialis;Mytilus galloprovincialis;Pool_mytilus_194
Field_mytilus_348;2022-01-25_St_florent_fairing;Mytilus galloprovincialis;Mytilus galloprovincialis;Pool_mytilus_195
Field_mytilus_349;2022-01-25_St_florent_fairing;Mytilus galloprovincialis;Mytilus galloprovincialis;Pool_mytilus_195
Field_mytilus_350;2022-01-25_St_florent_fairing;Mytilus galloprovincialis;Mytilus galloprovincialis;Pool_mytilus_195
Field_mytilus_351;2022-01-25_St_florent_fairing;Mytilus galloprovincialis;Mytilus galloprovincialis;Pool_mytilus_195
Field_mytilus_352;2022-01-25_St_florent_fairing;Mytilus galloprovincialis;Mytilus galloprovincialis;Pool_mytilus_195
Field_mytilus_353;2022-01-25_St_florent_fairing;Mytilus galloprovincialis;Mytilus galloprovincialis;Pool_mytilus_195
Field_mytilus_354;2022-01-25_St_florent_fairing;Mytilus galloprovincialis;Mytilus galloprovincialis;Pool_mytilus_195
Field_mytilus_355;2022-01-25_St_florent_fairing;Mytilus galloprovincialis;Mytilus galloprovincialis;Pool_mytilus_195
Field_mytilus_356;2022-01-25_St_florent_oil;Mytilus galloprovincialis;Mytilus galloprovincialis;Pool_mytilus_196
Field_mytilus_357;2022-01-25_St_florent_oil;Mytilus galloprovincialis;Mytilus galloprovincialis;Pool_mytilus_196
Field_mytilus_358;2022-01-25_St_florent_oil;Mytilus galloprovincialis;Mytilus galloprovincialis;Pool_mytilus_196
Field_mytilus_359;2022-01-25_St_florent_oil;Mytilus galloprovincialis;Mytilus galloprovincialis;Pool_mytilus_196
Field_mytilus_360;2022-01-25_St_florent_oil;Mytilus galloprovincialis;Mytilus galloprovincialis;Pool_mytilus_196
Field_mytilus_361;2022-01-25_St_florent_oil;Mytilus galloprovincialis;Mytilus galloprovincialis;Pool_mytilus_196
Field_mytilus_362;2022-01-25_St_florent_oil;Mytilus galloprovincialis;Mytilus galloprovincialis;Pool_mytilus_196
Field_mytilus_363;2022-01-25_St_florent_oil;Mytilus galloprovincialis;Mytilus galloprovincialis;Pool_mytilus_196
Field_mytilus_364;2022-01-25_Ile_rousse_oil;Mytilus galloprovincialis;Mytilus galloprovincialis;Pool_mytilus_197
Field_mytilus_365;2022-01-25_Ile_rousse_oil;Mytilus galloprovincialis;Mytilus galloprovincialis;Pool_mytilus_197
Field_mytilus_366;2022-01-25_Ile_rousse_oil;Mytilus galloprovincialis;Mytilus galloprovincialis;Pool_mytilus_197
Field_mytilus_367;2022-01-25_Ile_rousse_oil;Mytilus galloprovincialis;Mytilus galloprovincialis;Pool_mytilus_197
Field_mytilus_368;2022-01-25_Ile_rousse_oil;Mytilus galloprovincialis;Mytilus galloprovincialis;Pool_mytilus_197
Field_mytilus_369;2022-01-25_Ile_rousse_oil;Mytilus galloprovincialis;Mytilus galloprovincialis;Pool_mytilus_197
Field_mytilus_370;2022-01-25_Ile_rousse_oil;Mytilus galloprovincialis;Mytilus galloprovincialis;Pool_mytilus_197
Field_mytilus_371;2022-01-25_Ile_rousse_oil;Mytilus galloprovincialis;Mytilus galloprovincialis;Pool_mytilus_197
Field_mytilus_372;2022-01-25_Ile_rousse_fairing;Mytilus galloprovincialis;Mytilus galloprovincialis;Pool_mytilus_198
Field_mytilus_373;2022-01-25_Ile_rousse_fairing;Mytilus galloprovincialis;Mytilus galloprovincialis;Pool_mytilus_198
Field_mytilus_374;2022-01-25_Ile_rousse_fairing;Mytilus galloprovincialis;Mytilus galloprovincialis;Pool_mytilus_198
Field_mytilus_375;2022-01-25_Ile_rousse_fairing;Mytilus galloprovincialis;Mytilus galloprovincialis;Pool_mytilus_198
Field_mytilus_376;2022-01-25_Ile_rousse_fairing;Mytilus galloprovincialis;Mytilus galloprovincialis;Pool_mytilus_198
Field_mytilus_377;2022-01-25_Ile_rousse_fairing;Mytilus galloprovincialis;Mytilus galloprovincialis;Pool_mytilus_198
Field_mytilus_378;2022-01-25_Ile_rousse_fairing;Mytilus galloprovincialis;Mytilus galloprovincialis;Pool_mytilus_198
Field_mytilus_379;2022-01-25_Ile_rousse_fairing;Mytilus galloprovincialis;Mytilus galloprovincialis;Pool_mytilus_198
Field_mytilus_380;2021-12-01_Diana_mussel_farm;Mytilus galloprovincialis;Mytilus galloprovincialis;Pool_mytilus_199
Field_mytilus_381;2021-12-01_Diana_mussel_farm;Mytilus galloprovincialis;Mytilus galloprovincialis;Pool_mytilus_199
Field_mytilus_382;2021-12-01_Diana_mussel_farm;Mytilus galloprovincialis;Mytilus galloprovincialis;Pool_mytilus_199
Field_mytilus_383;2021-12-01_Diana_mussel_farm;Mytilus galloprovincialis;Mytilus galloprovincialis;Pool_mytilus_199
Field_mytilus_384;2021-12-01_Diana_mussel_farm;Mytilus galloprovincialis;Mytilus galloprovincialis;Pool_mytilus_199
Field_mytilus_385;2021-12-01_Diana_mussel_farm;Mytilus galloprovincialis;Mytilus galloprovincialis;Pool_mytilus_199
Field_mytilus_386;2021-12-01_Diana_mussel_farm;Mytilus galloprovincialis;Mytilus galloprovincialis;Pool_mytilus_199
Field_mytilus_387;2021-12-01_Diana_mussel_farm;Mytilus galloprovincialis;Mytilus galloprovincialis;Pool_mytilus_199
Field_mytilus_388;2022-01-25_St_florent_fairing;Mytilus galloprovincialis;Mytilus galloprovincialis;Pool_mytilus_200
Field_mytilus_389;2022-01-25_St_florent_fairing;Mytilus galloprovincialis;Mytilus galloprovincialis;Pool_mytilus_201
Field_mytilus_390;2022-01-25_St_florent_fairing;Mytilus galloprovincialis;Mytilus galloprovincialis;Pool_mytilus_202
Field_mytilus_391;2022-01-25_St_florent_fairing;Mytilus galloprovincialis;Mytilus galloprovincialis;Pool_mytilus_203
Field_mytilus_392;2022-01-25_St_florent_fairing;Mytilus galloprovincialis;Mytilus galloprovincialis;Pool_mytilus_204
Field_mytilus_393;2022-01-25_St_florent_fairing;Mytilus galloprovincialis;Mytilus galloprovincialis;Pool_mytilus_205
Field_mytilus_394;2022-01-25_St_florent_fairing;Mytilus galloprovincialis;Mytilus galloprovincialis;Pool_mytilus_206
Field_mytilus_395;2022-01-25_St_florent_fairing;Mytilus galloprovincialis;Mytilus galloprovincialis;Pool_mytilus_207
Field_mytilus_396;2022-01-25_St_florent_fairing;Mytilus galloprovincialis;Mytilus galloprovincialis;Pool_mytilus_208
Field_mytilus_397;2022-01-25_St_florent_fairing;Mytilus galloprovincialis;Mytilus galloprovincialis;Pool_mytilus_209
Field_mytilus_398;2022-01-25_St_florent_oil;Mytilus galloprovincialis;Mytilus galloprovincialis;Pool_mytilus_210
Field_mytilus_399;2022-01-25_St_florent_oil;Mytilus galloprovincialis;Mytilus galloprovincialis;Pool_mytilus_211
Field_mytilus_400;2022-01-25_St_florent_oil;Mytilus galloprovincialis;Mytilus galloprovincialis;Pool_mytilus_212
Field_mytilus_401;2022-01-25_St_florent_oil;Mytilus galloprovincialis;Mytilus galloprovincialis;Pool_mytilus_213
Field_mytilus_402;2022-01-25_St_florent_oil;Mytilus galloprovincialis;Mytilus galloprovincialis;Pool_mytilus_214
Field_mytilus_403;2022-01-25_St_florent_oil;Mytilus galloprovincialis;Mytilus galloprovincialis;Pool_mytilus_215
Field_mytilus_404;2022-01-25_St_florent_oil;Mytilus galloprovincialis;Mytilus galloprovincialis;Pool_mytilus_216
Field_mytilus_405;2022-01-25_St_florent_oil;Mytilus galloprovincialis;Mytilus galloprovincialis;Pool_mytilus_217
Field_mytilus_406;2022-01-25_St_florent_oil;Mytilus galloprovincialis;Mytilus galloprovincialis;Pool_mytilus_218
Field_mytilus_407;2022-01-25_St_florent_oil;Mytilus galloprovincialis;Mytilus galloprovincialis;Pool_mytilus_219
Field_mytilus_408;2022-01-24_Calvi_oil;Mytilus galloprovincialis;Mytilus galloprovincialis;Pool_mytilus_220
Field_mytilus_409;2022-01-24_Calvi_oil;Mytilus galloprovincialis;Mytilus galloprovincialis;Pool_mytilus_221
Field_mytilus_410;2022-01-24_Calvi_oil;Mytilus galloprovincialis;Mytilus galloprovincialis;Pool_mytilus_222
Field_mytilus_411;2022-01-24_Calvi_oil;Mytilus galloprovincialis;Mytilus galloprovincialis;Pool_mytilus_223
Field_mytilus_412;2022-01-24_Calvi_oil;Mytilus galloprovincialis;Mytilus galloprovincialis;Pool_mytilus_224
Field_mytilus_413;2022-01-24_Calvi_oil;Mytilus galloprovincialis;Mytilus galloprovincialis;Pool_mytilus_225
Field_mytilus_414;2022-01-24_Calvi_oil;Mytilus galloprovincialis;Mytilus galloprovincialis;Pool_mytilus_226
Field_mytilus_415;2022-01-24_Calvi_oil;Mytilus galloprovincialis;Mytilus galloprovincialis;Pool_mytilus_227
Field_mytilus_416;2022-01-24_Calvi_oil;Mytilus galloprovincialis;Mytilus galloprovincialis;Pool_mytilus_228
Field_mytilus_417;2022-01-24_Calvi_oil;Mytilus galloprovincialis;Mytilus galloprovincialis;Pool_mytilus_229
Field_mytilus_418;2022-01-24_Calvi_fairing;Mytilus galloprovincialis;Mytilus galloprovincialis;Pool_mytilus_230
Field_mytilus_419;2022-01-24_Calvi_fairing;Mytilus galloprovincialis;Mytilus galloprovincialis;Pool_mytilus_231
Field_mytilus_420;2022-01-24_Calvi_fairing;Mytilus galloprovincialis;Mytilus galloprovincialis;Pool_mytilus_232
Field_mytilus_421;2022-01-24_Calvi_fairing;Mytilus galloprovincialis;Mytilus galloprovincialis;Pool_mytilus_233
Field_mytilus_422;2022-01-24_Calvi_fairing;Mytilus galloprovincialis;Mytilus galloprovincialis;Pool_mytilus_234
Field_mytilus_423;2022-01-24_Calvi_fairing;Mytilus galloprovincialis;Mytilus galloprovincialis;Pool_mytilus_235
Field_mytilus_424;2022-01-24_Calvi_fairing;Mytilus galloprovincialis;Mytilus galloprovincialis;Pool_mytilus_236
Field_mytilus_425;2022-01-24_Calvi_fairing;Mytilus galloprovincialis;Mytilus galloprovincialis;Pool_mytilus_237
Field_mytilus_426;2022-01-24_Calvi_fairing;Mytilus galloprovincialis;Mytilus galloprovincialis;Pool_mytilus_238
Field_mytilus_427;2022-01-24_Calvi_fairing;Mytilus galloprovincialis;Mytilus galloprovincialis;Pool_mytilus_239
Field_mytilus_428;2022-01-25_Ile_rousse_oil;Mytilus galloprovincialis;Mytilus galloprovincialis;Pool_mytilus_240
Field_mytilus_429;2022-01-25_Ile_rousse_oil;Mytilus galloprovincialis;Mytilus galloprovincialis;Pool_mytilus_241
Field_mytilus_430;2022-01-25_Ile_rousse_oil;Mytilus galloprovincialis;Mytilus galloprovincialis;Pool_mytilus_242
Field_mytilus_431;2022-01-25_Ile_rousse_oil;Mytilus galloprovincialis;Mytilus galloprovincialis;Pool_mytilus_243
Field_mytilus_432;2022-01-25_Ile_rousse_oil;Mytilus galloprovincialis;Mytilus galloprovincialis;Pool_mytilus_244
Field_mytilus_433;2022-01-25_Ile_rousse_oil;Mytilus galloprovincialis;Mytilus galloprovincialis;Pool_mytilus_245
Field_mytilus_434;2022-01-25_Ile_rousse_oil;Mytilus galloprovincialis;Mytilus galloprovincialis;Pool_mytilus_246
Field_mytilus_435;2022-01-25_Ile_rousse_oil;Mytilus galloprovincialis;Mytilus galloprovincialis;Pool_mytilus_247
Field_mytilus_436;2022-01-25_Ile_rousse_oil;Mytilus galloprovincialis;Mytilus galloprovincialis;Pool_mytilus_248
Field_mytilus_437;2022-01-25_Ile_rousse_oil;Mytilus galloprovincialis;Mytilus galloprovincialis;Pool_mytilus_249
Field_mytilus_438;2022-01-25_Ile_rousse_fairing;Mytilus galloprovincialis;Mytilus galloprovincialis;Pool_mytilus_250
Field_mytilus_439;2022-01-25_Ile_rousse_fairing;Mytilus galloprovincialis;Mytilus galloprovincialis;Pool_mytilus_251
Field_mytilus_440;2022-01-25_Ile_rousse_fairing;Mytilus galloprovincialis;Mytilus galloprovincialis;Pool_mytilus_252
Field_mytilus_441;2022-01-25_Ile_rousse_fairing;Mytilus galloprovincialis;Mytilus galloprovincialis;Pool_mytilus_253
Field_mytilus_442;2022-01-25_Ile_rousse_fairing;Mytilus galloprovincialis;Mytilus galloprovincialis;Pool_mytilus_254
Field_mytilus_443;2022-01-25_Ile_rousse_fairing;Mytilus galloprovincialis;Mytilus galloprovincialis;Pool_mytilus_255
Field_mytilus_444;2022-01-25_Ile_rousse_fairing;Mytilus galloprovincialis;Mytilus galloprovincialis;Pool_mytilus_256
Field_mytilus_445;2022-01-25_Ile_rousse_fairing;Mytilus galloprovincialis;Mytilus galloprovincialis;Pool_mytilus_257
Field_mytilus_446;2022-01-25_Ile_rousse_fairing;Mytilus galloprovincialis;Mytilus galloprovincialis;Pool_mytilus_258
Field_mytilus_447;2022-01-25_Ile_rousse_fairing;Mytilus galloprovincialis;Mytilus galloprovincialis;Pool_mytilus_259
Field_mytilus_448;2022-01-24_STARESO_port;Mytilus galloprovincialis;Mytilus galloprovincialis;Pool_mytilus_260
Field_mytilus_449;2022-01-24_STARESO_port;Mytilus galloprovincialis;Mytilus galloprovincialis;Pool_mytilus_261
Field_mytilus_450;2022-01-24_STARESO_port;Mytilus galloprovincialis;Mytilus galloprovincialis;Pool_mytilus_262
Field_mytilus_451;2022-01-24_STARESO_port;Mytilus galloprovincialis;Mytilus galloprovincialis;Pool_mytilus_263
Field_mytilus_452;2022-01-24_STARESO_port;Mytilus galloprovincialis;Mytilus galloprovincialis;Pool_mytilus_264
Field_mytilus_453;2022-01-24_STARESO_port;Mytilus galloprovincialis;Mytilus galloprovincialis;Pool_mytilus_265
Field_mytilus_454;2022-01-24_STARESO_port;Mytilus galloprovincialis;Mytilus galloprovincialis;Pool_mytilus_266
Field_mytilus_455;2022-01-24_STARESO_port;Mytilus galloprovincialis;Mytilus galloprovincialis;Pool_mytilus_267
Field_mytilus_456;2022-01-24_STARESO_port;Mytilus galloprovincialis;Mytilus galloprovincialis;Pool_mytilus_268
Field_mytilus_457;2022-01-24_STARESO_port;Mytilus galloprovincialis;Mytilus galloprovincialis;Pool_mytilus_269
Field_patella_001;2020-01-13_Ile_rousse_fairing;Patella sp.;Patella sp.;Pool_patella_001
Field_patella_002;2020-01-13_Ile_rousse_fairing;Patella sp.;Patella sp.;Pool_patella_002
Field_patella_003;2020-01-13_Ile_rousse_fairing;Patella sp.;Patella sp.;Pool_patella_003
Field_patella_004;2020-01-13_Ile_rousse_fairing;Patella sp.;Patella sp.;Pool_patella_004
Field_patella_005;2020-01-13_Ile_rousse_fairing;Patella sp.;Patella sp.;Pool_patella_005
Field_patella_006;2020-01-13_Ile_rousse_fairing;Patella sp.;Patella sp.;Pool_patella_006
Field_patella_007;2020-01-13_Ile_rousse_fairing;Patella sp.;Patella sp.;Pool_patella_007
Field_patella_008;2020-01-13_Ile_rousse_fairing;Patella sp.;Patella sp.;Pool_patella_008
Field_patella_009;2020-01-13_Ile_rousse_fairing;Patella sp.;Patella sp.;Pool_patella_008
Field_patella_010;2020-01-13_Ile_rousse_fairing;Patella sp.;Patella sp.;Pool_patella_008
Field_patella_011;2020-01-13_Ile_rousse_fairing;Patella sp.;Patella sp.;Pool_patella_008
Field_patella_012;2020-01-13_Ile_rousse_fairing;Patella sp.;Patella sp.;Pool_patella_008
Field_patella_013;2020-01-13_Ile_rousse_fairing;Patella sp.;Patella sp.;Pool_patella_008
Field_patella_014;2020-01-13_Ile_rousse_fairing;Patella sp.;Patella sp.;Pool_patella_008
Field_patella_015;2020-01-13_Ile_rousse_fairing;Patella sp.;Patella sp.;Pool_patella_009
Field_patella_016;2020-01-13_Ile_rousse_fairing;Patella sp.;Patella sp.;Pool_patella_010
Field_patella_017;2020-01-13_Ile_rousse_fairing;Patella sp.;Patella sp.;Pool_patella_011
Field_patella_018;2020-01-13_Ile_rousse_fairing;Patella sp.;Patella sp.;Pool_patella_012
Field_patella_019;2020-01-13_Ile_rousse_fairing;Patella sp.;Patella sp.;Pool_patella_013
Field_patella_020;2020-01-13_Ile_rousse_fairing;Patella sp.;Patella sp.;Pool_patella_014
Field_patella_021;2020-01-13_Ile_rousse_fairing;Patella sp.;Patella sp.;Pool_patella_015
Field_patella_022;2020-01-13_Ile_rousse_fairing;Patella sp.;Patella sp.;Pool_patella_016
Field_patella_023;2020-01-13_Ile_rousse_fairing;Patella sp.;Patella sp.;Pool_patella_016
Field_patella_024;2020-01-13_Ile_rousse_fairing;Patella sp.;Patella sp.;Pool_patella_016
Field_patella_025;2020-01-13_Ile_rousse_fairing;Patella sp.;Patella sp.;Pool_patella_016
Field_patella_026;2020-01-13_Ile_rousse_fairing;Patella sp.;Patella sp.;Pool_patella_016
Field_patella_027;2020-01-13_Ile_rousse_fairing;Patella sp.;Patella sp.;Pool_patella_016
Field_patella_028;2020-01-13_Ile_rousse_fairing;Patella sp.;Patella sp.;Pool_patella_016
Field_patella_029;2020-01-14_STARESO_port;Patella sp.;Patella sp.;Pool_patella_017
Field_patella_030;2020-01-14_STARESO_port;Patella sp.;Patella sp.;Pool_patella_018
Field_patella_031;2020-01-14_STARESO_port;Patella sp.;Patella sp.;Pool_patella_019
Field_patella_032;2020-01-14_STARESO_port;Patella sp.;Patella sp.;Pool_patella_020
Field_patella_033;2020-01-14_STARESO_port;Patella sp.;Patella sp.;Pool_patella_021
Field_patella_034;2020-01-14_STARESO_port;Patella sp.;Patella sp.;Pool_patella_022
Field_patella_035;2020-01-14_STARESO_port;Patella sp.;Patella sp.;Pool_patella_023
Field_patella_036;2020-01-14_STARESO_port;Patella sp.;Patella sp.;Pool_patella_024
Field_patella_037;2020-01-14_STARESO_port;Patella sp.;Patella sp.;Pool_patella_025
Field_patella_038;2020-01-14_STARESO_port;Patella sp.;Patella sp.;Pool_patella_026
Field_patella_039;2020-01-14_STARESO_port;Patella sp.;Patella sp.;Pool_patella_027
Field_patella_040;2020-01-14_STARESO_port;Patella sp.;Patella sp.;Pool_patella_028
Field_patella_041;2020-01-14_STARESO_port;Patella sp.;Patella sp.;Pool_patella_029
Field_patella_042;2020-01-14_STARESO_port;Patella sp.;Patella sp.;Pool_patella_030
Field_patella_043;2020-01-14_Calvi_fairing;Patella sp.;Patella sp.;Pool_patella_031
Field_patella_044;2020-01-14_Calvi_fairing;Patella sp.;Patella sp.;Pool_patella_032
Field_patella_045;2020-01-14_Calvi_fairing;Patella sp.;Patella sp.;Pool_patella_033
Field_patella_046;2020-01-14_Calvi_fairing;Patella sp.;Patella sp.;Pool_patella_034
Field_patella_047;2020-01-14_Calvi_fairing;Patella sp.;Patella sp.;Pool_patella_035
Field_patella_048;2020-01-14_Calvi_fairing;Patella sp.;Patella sp.;Pool_patella_036
Field_patella_049;2020-01-14_Calvi_fairing;Patella sp.;Patella sp.;Pool_patella_037
Field_patella_050;2020-01-14_Calvi_fairing;Patella sp.;Patella sp.;Pool_patella_038
Field_patella_051;2020-01-14_Calvi_fairing;Patella sp.;Patella sp.;Pool_patella_039
Field_patella_052;2020-01-14_Calvi_fairing;Patella sp.;Patella sp.;Pool_patella_040
Field_patella_053;2020-01-14_Calvi_fairing;Patella sp.;Patella sp.;Pool_patella_041
Field_patella_054;2020-01-14_Calvi_fairing;Patella sp.;Patella sp.;Pool_patella_042
Field_patella_055;2020-01-14_Calvi_fairing;Patella sp.;Patella sp.;Pool_patella_043
Field_patella_056;2020-09-21_STARESO_port;Patella sp.;Patella sp.;Pool_patella_044
Field_patella_057;2020-09-21_STARESO_port;Patella sp.;Patella sp.;Pool_patella_045
Field_patella_058;2020-09-21_STARESO_port;Patella sp.;Patella sp.;Pool_patella_046
Field_patella_059;2020-09-21_STARESO_port;Patella sp.;Patella sp.;Pool_patella_047
Field_patella_060;2020-09-21_STARESO_port;Patella sp.;Patella sp.;Pool_patella_048
Field_patella_061;2020-09-21_STARESO_port;Patella sp.;Patella sp.;Pool_patella_049
Field_patella_062;2020-09-21_STARESO_port;Patella sp.;Patella sp.;Pool_patella_050
Field_patella_063;2020-09-21_STARESO_port;Patella sp.;Patella sp.;Pool_patella_051
Field_patella_064;2020-09-21_STARESO_port;Patella sp.;Patella sp.;Pool_patella_052
Field_patella_065;2020-09-21_STARESO_port;Patella sp.;Patella sp.;Pool_patella_052
Field_patella_066;2020-09-21_STARESO_port;Patella sp.;Patella sp.;Pool_patella_052
Field_patella_067;2020-09-21_STARESO_port;Patella sp.;Patella sp.;Pool_patella_052
Field_patella_068;2020-09-21_STARESO_port;Patella sp.;Patella sp.;Pool_patella_052
Field_patella_069;2020-09-21_STARESO_port;Patella sp.;Patella sp.;Pool_patella_052
Field_patella_070;2020-09-21_STARESO_port;Patella sp.;Patella sp.;Pool_patella_052
Field_patella_071;2020-09-21_STARESO_port;Patella sp.;Patella sp.;Pool_patella_052
Field_patella_072;2020-09-21_Calvi_fairing;Patella sp.;Patella sp.;Pool_patella_053
Field_patella_073;2020-09-21_Calvi_fairing;Patella sp.;Patella sp.;Pool_patella_054
Field_patella_074;2020-09-21_Calvi_fairing;Patella sp.;Patella sp.;Pool_patella_055
Field_patella_075;2020-09-21_Calvi_fairing;Patella sp.;Patella sp.;Pool_patella_056
Field_patella_076;2020-09-21_Calvi_fairing;Patella sp.;Patella sp.;Pool_patella_057
Field_patella_077;2020-09-21_Calvi_fairing;Patella sp.;Patella sp.;Pool_patella_058
Field_patella_078;2020-09-21_Calvi_fairing;Patella sp.;Patella sp.;Pool_patella_059
Field_patella_079;2020-09-21_Calvi_fairing;Patella sp.;Patella sp.;Pool_patella_060
Field_patella_080;2020-09-21_Calvi_fairing;Patella sp.;Patella sp.;Pool_patella_061
Field_patella_081;2020-09-21_Calvi_fairing;Patella sp.;Patella sp.;Pool_patella_061
Field_patella_082;2020-09-21_Calvi_fairing;Patella sp.;Patella sp.;Pool_patella_061
Field_patella_083;2020-09-21_Calvi_fairing;Patella sp.;Patella sp.;Pool_patella_061
Field_patella_084;2020-09-21_Calvi_fairing;Patella sp.;Patella sp.;Pool_patella_061
Field_patella_085;2020-09-21_Calvi_fairing;Patella sp.;Patella sp.;Pool_patella_061
Field_patella_086;2020-09-21_Calvi_fairing;Patella sp.;Patella sp.;Pool_patella_061
Field_patella_087;2020-09-22_St_florent_fairing;Patella sp.;Patella sp.;Pool_patella_062
Field_patella_088;2020-09-22_St_florent_fairing;Patella sp.;Patella sp.;Pool_patella_063
Field_patella_089;2020-09-22_St_florent_fairing;Patella sp.;Patella sp.;Pool_patella_064
Field_patella_090;2020-09-22_St_florent_fairing;Patella sp.;Patella sp.;Pool_patella_065
Field_patella_091;2020-09-22_St_florent_fairing;Patella sp.;Patella sp.;Pool_patella_066
Field_patella_092;2020-09-22_St_florent_fairing;Patella sp.;Patella sp.;Pool_patella_067
Field_patella_093;2020-09-22_St_florent_fairing;Patella sp.;Patella sp.;Pool_patella_068
Field_patella_094;2020-09-22_St_florent_fairing;Patella sp.;Patella sp.;Pool_patella_069
Field_patella_095;2020-09-22_St_florent_fairing;Patella sp.;Patella sp.;Pool_patella_070
Field_patella_096;2020-09-22_St_florent_fairing;Patella sp.;Patella sp.;Pool_patella_070
Field_patella_097;2020-09-22_St_florent_fairing;Patella sp.;Patella sp.;Pool_patella_070
Field_patella_098;2020-09-22_St_florent_fairing;Patella sp.;Patella sp.;Pool_patella_070
Field_patella_099;2020-09-22_St_florent_fairing;Patella sp.;Patella sp.;Pool_patella_070
Field_patella_100;2020-09-22_St_florent_fairing;Patella sp.;Patella sp.;Pool_patella_070
Field_patella_101;2020-09-22_St_florent_fairing;Patella sp.;Patella sp.;Pool_patella_070
Field_patella_102;2020-09-22_St_florent_fairing;Patella sp.;Patella sp.;Pool_patella_070
Field_patella_103;2020-09-22_Ile_rousse_fairing;Patella sp.;Patella sp.;Pool_patella_071
Field_patella_104;2020-09-22_Ile_rousse_fairing;Patella sp.;Patella sp.;Pool_patella_072
Field_patella_105;2020-09-22_Ile_rousse_fairing;Patella sp.;Patella sp.;Pool_patella_073
Field_patella_106;2020-09-22_Ile_rousse_fairing;Patella sp.;Patella sp.;Pool_patella_074
Field_patella_107;2020-09-22_Ile_rousse_fairing;Patella sp.;Patella sp.;Pool_patella_075
Field_patella_108;2020-09-22_Ile_rousse_fairing;Patella sp.;Patella sp.;Pool_patella_076
Field_patella_109;2020-09-22_Ile_rousse_fairing;Patella sp.;Patella sp.;Pool_patella_077
Field_patella_110;2020-09-22_Ile_rousse_fairing;Patella sp.;Patella sp.;Pool_patella_078
Field_patella_111;2020-09-22_Ile_rousse_fairing;Patella sp.;Patella sp.;Pool_patella_079
Field_patella_112;2020-09-22_Ile_rousse_fairing;Patella sp.;Patella sp.;Pool_patella_079
Field_patella_113;2020-09-22_Ile_rousse_fairing;Patella sp.;Patella sp.;Pool_patella_079
Field_patella_114;2020-09-22_Ile_rousse_fairing;Patella sp.;Patella sp.;Pool_patella_079
Field_patella_115;2020-09-22_Ile_rousse_fairing;Patella sp.;Patella sp.;Pool_patella_079
Field_patella_116;2020-09-22_Ile_rousse_fairing;Patella sp.;Patella sp.;Pool_patella_079
Field_patella_117;2020-09-22_Ile_rousse_fairing;Patella sp.;Patella sp.;Pool_patella_079
Field_patella_118;2021-01-25_Calvi_fairing;Patella sp.;Patella sp.;Pool_patella_080
Field_patella_119;2021-01-25_Calvi_fairing;Patella sp.;Patella sp.;Pool_patella_081
Field_patella_120;2021-01-25_Calvi_fairing;Patella sp.;Patella sp.;Pool_patella_082
Field_patella_121;2021-01-25_Calvi_fairing;Patella sp.;Patella sp.;Pool_patella_083
Field_patella_122;2021-01-25_Calvi_fairing;Patella sp.;Patella sp.;Pool_patella_084
Field_patella_123;2021-01-25_Calvi_fairing;Patella sp.;Patella sp.;Pool_patella_085
Field_patella_124;2021-01-25_Calvi_fairing;Patella sp.;Patella sp.;Pool_patella_086
Field_patella_125;2021-01-25_Calvi_fairing;Patella sp.;Patella sp.;Pool_patella_087
Field_patella_126;2021-01-25_Calvi_fairing;Patella sp.;Patella sp.;Pool_patella_088
Field_patella_127;2021-01-25_Calvi_fairing;Patella sp.;Patella sp.;Pool_patella_089
Field_patella_128;2021-01-25_Calvi_fairing;Patella sp.;Patella sp.;Pool_patella_090
Field_patella_129;2021-01-25_Calvi_fairing;Patella sp.;Patella sp.;Pool_patella_090
Field_patella_130;2021-01-25_Calvi_fairing;Patella sp.;Patella sp.;Pool_patella_090
Field_patella_131;2021-01-25_Calvi_fairing;Patella sp.;Patella sp.;Pool_patella_090
Field_patella_132;2021-01-25_Calvi_fairing;Patella sp.;Patella sp.;Pool_patella_090
Field_patella_133;2021-01-25_Calvi_fairing;Patella sp.;Patella sp.;Pool_patella_090
Field_patella_134;2021-01-25_Calvi_fairing;Patella sp.;Patella sp.;Pool_patella_090
Field_patella_135;2021-01-25_Calvi_fairing;Patella sp.;Patella sp.;Pool_patella_090
Field_patella_136;2021-01-25_STARESO_port;Patella sp.;Patella sp.;Pool_patella_091
Field_patella_137;2021-01-25_STARESO_port;Patella sp.;Patella sp.;Pool_patella_092
Field_patella_138;2021-01-25_STARESO_port;Patella sp.;Patella sp.;Pool_patella_093
Field_patella_139;2021-01-25_STARESO_port;Patella sp.;Patella sp.;Pool_patella_094
Field_patella_140;2021-01-25_STARESO_port;Patella sp.;Patella sp.;Pool_patella_095
Field_patella_141;2021-01-25_STARESO_port;Patella sp.;Patella sp.;Pool_patella_096
Field_patella_142;2021-01-25_STARESO_port;Patella sp.;Patella sp.;Pool_patella_097
Field_patella_143;2021-01-25_STARESO_port;Patella sp.;Patella sp.;Pool_patella_098
Field_patella_144;2021-01-25_STARESO_port;Patella sp.;Patella sp.;Pool_patella_099
Field_patella_145;2021-01-25_STARESO_port;Patella sp.;Patella sp.;Pool_patella_100
Field_patella_146;2021-01-25_STARESO_port;Patella sp.;Patella sp.;Pool_patella_101
Field_patella_147;2021-01-25_STARESO_port;Patella sp.;Patella sp.;Pool_patella_101
Field_patella_148;2021-01-25_STARESO_port;Patella sp.;Patella sp.;Pool_patella_101
Field_patella_149;2021-01-25_STARESO_port;Patella sp.;Patella sp.;Pool_patella_101
Field_patella_150;2021-01-25_STARESO_port;Patella sp.;Patella sp.;Pool_patella_101
Field_patella_151;2021-01-25_STARESO_port;Patella sp.;Patella sp.;Pool_patella_101
Field_patella_152;2021-01-25_STARESO_port;Patella sp.;Patella sp.;Pool_patella_101
Field_patella_153;2021-01-25_STARESO_port;Patella sp.;Patella sp.;Pool_patella_101
Field_patella_154;2021-01-26_St_florent_oil;Patella sp.;Patella sp.;Pool_patella_102
Field_patella_155;2021-01-26_St_florent_oil;Patella sp.;Patella sp.;Pool_patella_103
Field_patella_156;2021-01-26_St_florent_oil;Patella sp.;Patella sp.;Pool_patella_104
Field_patella_157;2021-01-26_St_florent_oil;Patella sp.;Patella sp.;Pool_patella_105
Field_patella_158;2021-01-26_St_florent_oil;Patella sp.;Patella sp.;Pool_patella_106
Field_patella_159;2021-01-26_St_florent_oil;Patella sp.;Patella sp.;Pool_patella_107
Field_patella_160;2021-01-26_St_florent_oil;Patella sp.;Patella sp.;Pool_patella_108
Field_patella_161;2021-01-26_St_florent_oil;Patella sp.;Patella sp.;Pool_patella_109
Field_patella_162;2021-01-26_St_florent_oil;Patella sp.;Patella sp.;Pool_patella_110
Field_patella_163;2021-01-26_St_florent_oil;Patella sp.;Patella sp.;Pool_patella_111
Field_patella_164;2021-01-26_St_florent_oil;Patella sp.;Patella sp.;Pool_patella_112
Field_patella_165;2021-01-26_St_florent_oil;Patella sp.;Patella sp.;Pool_patella_112
Field_patella_166;2021-01-26_St_florent_oil;Patella sp.;Patella sp.;Pool_patella_112
Field_patella_167;2021-01-26_St_florent_oil;Patella sp.;Patella sp.;Pool_patella_112
Field_patella_168;2021-01-26_St_florent_oil;Patella sp.;Patella sp.;Pool_patella_112
Field_patella_169;2021-01-26_St_florent_oil;Patella sp.;Patella sp.;Pool_patella_112
Field_patella_170;2021-01-26_St_florent_oil;Patella sp.;Patella sp.;Pool_patella_112
Field_patella_171;2021-01-26_St_florent_oil;Patella sp.;Patella sp.;Pool_patella_112
Field_patella_172;2021-01-26_Ile_rousse_fairing;Patella sp.;Patella sp.;Pool_patella_113
Field_patella_173;2021-01-26_Ile_rousse_fairing;Patella sp.;Patella sp.;Pool_patella_114
Field_patella_174;2021-01-26_Ile_rousse_fairing;Patella sp.;Patella sp.;Pool_patella_115
Field_patella_175;2021-01-26_Ile_rousse_fairing;Patella sp.;Patella sp.;Pool_patella_116
Field_patella_176;2021-01-26_Ile_rousse_fairing;Patella sp.;Patella sp.;Pool_patella_117
Field_patella_177;2021-01-26_Ile_rousse_fairing;Patella sp.;Patella sp.;Pool_patella_118
Field_patella_178;2021-01-26_Ile_rousse_fairing;Patella sp.;Patella sp.;Pool_patella_119
Field_patella_179;2021-01-26_Ile_rousse_fairing;Patella sp.;Patella sp.;Pool_patella_120
Field_patella_180;2021-01-26_Ile_rousse_fairing;Patella sp.;Patella sp.;Pool_patella_121
Field_patella_181;2021-01-26_Ile_rousse_fairing;Patella sp.;Patella sp.;Pool_patella_122
Field_patella_182;2021-01-26_Ile_rousse_fairing;Patella sp.;Patella sp.;Pool_patella_123
Field_patella_183;2021-01-26_Ile_rousse_fairing;Patella sp.;Patella sp.;Pool_patella_123
Field_patella_184;2021-01-26_Ile_rousse_fairing;Patella sp.;Patella sp.;Pool_patella_123
Field_patella_185;2021-01-26_Ile_rousse_fairing;Patella sp.;Patella sp.;Pool_patella_123
Field_patella_186;2021-01-26_Ile_rousse_fairing;Patella sp.;Patella sp.;Pool_patella_123
Field_patella_187;2021-01-26_Ile_rousse_fairing;Patella sp.;Patella sp.;Pool_patella_123
Field_patella_188;2021-01-26_Ile_rousse_fairing;Patella sp.;Patella sp.;Pool_patella_123
Field_patella_189;2021-01-26_Ile_rousse_fairing;Patella sp.;Patella sp.;Pool_patella_123
Field_patella_190;2021-09-20_Calvi_fairing;Patella sp.;Patella sp.;Pool_patella_124
Field_patella_191;2021-09-20_Calvi_fairing;Patella sp.;Patella sp.;Pool_patella_125
Field_patella_192;2021-09-20_Calvi_fairing;Patella sp.;Patella sp.;Pool_patella_126
Field_patella_193;2021-09-20_Calvi_fairing;Patella sp.;Patella sp.;Pool_patella_127
Field_patella_194;2021-09-20_Calvi_fairing;Patella sp.;Patella sp.;Pool_patella_128
Field_patella_195;2021-09-20_Calvi_fairing;Patella sp.;Patella sp.;Pool_patella_129
Field_patella_196;2021-09-20_Calvi_fairing;Patella sp.;Patella sp.;Pool_patella_130
Field_patella_197;2021-09-20_Calvi_fairing;Patella sp.;Patella sp.;Pool_patella_131
Field_patella_198;2021-09-20_Calvi_fairing;Patella sp.;Patella sp.;Pool_patella_132
Field_patella_199;2021-09-20_Calvi_fairing;Patella sp.;Patella sp.;Pool_patella_133
Field_patella_200;2021-09-20_Calvi_fairing;Patella sp.;Patella sp.;Pool_patella_134
Field_patella_201;2021-09-20_Calvi_fairing;Patella sp.;Patella sp.;Pool_patella_134
Field_patella_202;2021-09-20_Calvi_fairing;Patella sp.;Patella sp.;Pool_patella_134
Field_patella_203;2021-09-20_Calvi_fairing;Patella sp.;Patella sp.;Pool_patella_134
Field_patella_204;2021-09-20_Calvi_fairing;Patella sp.;Patella sp.;Pool_patella_134
Field_patella_205;2021-09-20_Calvi_fairing;Patella sp.;Patella sp.;Pool_patella_134
Field_patella_206;2021-09-20_Calvi_fairing;Patella sp.;Patella sp.;Pool_patella_134
Field_patella_207;2021-09-20_STARESO_port;Patella sp.;Patella sp.;Pool_patella_135
Field_patella_208;2021-09-20_STARESO_port;Patella sp.;Patella sp.;Pool_patella_136
Field_patella_209;2021-09-20_STARESO_port;Patella sp.;Patella sp.;Pool_patella_137
Field_patella_210;2021-09-20_STARESO_port;Patella sp.;Patella sp.;Pool_patella_138
Field_patella_211;2021-09-20_STARESO_port;Patella sp.;Patella sp.;Pool_patella_139
Field_patella_212;2021-09-20_STARESO_port;Patella sp.;Patella sp.;Pool_patella_140
Field_patella_213;2021-09-20_STARESO_port;Patella sp.;Patella sp.;Pool_patella_141
Field_patella_214;2021-09-20_STARESO_port;Patella sp.;Patella sp.;Pool_patella_142
Field_patella_215;2021-09-20_STARESO_port;Patella sp.;Patella sp.;Pool_patella_143
Field_patella_216;2021-09-20_STARESO_port;Patella sp.;Patella sp.;Pool_patella_144
Field_patella_217;2021-09-20_STARESO_port;Patella sp.;Patella sp.;Pool_patella_145
Field_patella_218;2021-09-20_STARESO_port;Patella sp.;Patella sp.;Pool_patella_145
Field_patella_219;2021-09-20_STARESO_port;Patella sp.;Patella sp.;Pool_patella_145
Field_patella_220;2021-09-20_STARESO_port;Patella sp.;Patella sp.;Pool_patella_145
Field_patella_221;2021-09-20_STARESO_port;Patella sp.;Patella sp.;Pool_patella_145
Field_patella_222;2021-09-20_STARESO_port;Patella sp.;Patella sp.;Pool_patella_145
Field_patella_223;2021-09-20_STARESO_port;Patella sp.;Patella sp.;Pool_patella_145
Field_patella_224;2021-09-21_St_florent_oil;Patella sp.;Patella sp.;Pool_patella_146
Field_patella_225;2021-09-21_St_florent_oil;Patella sp.;Patella sp.;Pool_patella_147
Field_patella_226;2021-09-21_St_florent_oil;Patella sp.;Patella sp.;Pool_patella_148
Field_patella_227;2021-09-21_St_florent_oil;Patella sp.;Patella sp.;Pool_patella_149
Field_patella_228;2021-09-21_St_florent_oil;Patella sp.;Patella sp.;Pool_patella_150
Field_patella_229;2021-09-21_St_florent_oil;Patella sp.;Patella sp.;Pool_patella_151
Field_patella_230;2021-09-21_St_florent_oil;Patella sp.;Patella sp.;Pool_patella_152
Field_patella_231;2021-09-21_St_florent_oil;Patella sp.;Patella sp.;Pool_patella_153
Field_patella_232;2021-09-21_St_florent_oil;Patella sp.;Patella sp.;Pool_patella_154
Field_patella_233;2021-09-21_St_florent_oil;Patella sp.;Patella sp.;Pool_patella_155
Field_patella_234;2021-09-21_St_florent_oil;Patella sp.;Patella sp.;Pool_patella_156
Field_patella_235;2021-09-21_St_florent_oil;Patella sp.;Patella sp.;Pool_patella_156
Field_patella_236;2021-09-21_St_florent_oil;Patella sp.;Patella sp.;Pool_patella_156
Field_patella_237;2021-09-21_St_florent_oil;Patella sp.;Patella sp.;Pool_patella_156
Field_patella_238;2021-09-21_St_florent_oil;Patella sp.;Patella sp.;Pool_patella_156
Field_patella_239;2021-09-21_St_florent_oil;Patella sp.;Patella sp.;Pool_patella_156
Field_patella_240;2021-09-21_St_florent_oil;Patella sp.;Patella sp.;Pool_patella_156
Field_patella_241;2021-09-21_Ile_rousse_fairing;Patella sp.;Patella sp.;Pool_patella_157
Field_patella_242;2021-09-21_Ile_rousse_fairing;Patella sp.;Patella sp.;Pool_patella_158
Field_patella_243;2021-09-21_Ile_rousse_fairing;Patella sp.;Patella sp.;Pool_patella_159
Field_patella_244;2021-09-21_Ile_rousse_fairing;Patella sp.;Patella sp.;Pool_patella_160
Field_patella_245;2021-09-21_Ile_rousse_fairing;Patella sp.;Patella sp.;Pool_patella_161
Field_patella_246;2021-09-21_Ile_rousse_fairing;Patella sp.;Patella sp.;Pool_patella_162
Field_patella_247;2021-09-21_Ile_rousse_fairing;Patella sp.;Patella sp.;Pool_patella_163
Field_patella_248;2021-09-21_Ile_rousse_fairing;Patella sp.;Patella sp.;Pool_patella_164
Field_patella_249;2021-09-21_Ile_rousse_fairing;Patella sp.;Patella sp.;Pool_patella_165
Field_patella_250;2021-09-21_Ile_rousse_fairing;Patella sp.;Patella sp.;Pool_patella_166
Field_patella_251;2021-09-21_Ile_rousse_fairing;Patella sp.;Patella sp.;Pool_patella_167
Field_patella_252;2021-09-21_Ile_rousse_fairing;Patella sp.;Patella sp.;Pool_patella_167
Field_patella_253;2021-09-21_Ile_rousse_fairing;Patella sp.;Patella sp.;Pool_patella_167
Field_patella_254;2021-09-21_Ile_rousse_fairing;Patella sp.;Patella sp.;Pool_patella_167
Field_patella_255;2021-09-21_Ile_rousse_fairing;Patella sp.;Patella sp.;Pool_patella_167
Field_patella_256;2021-09-21_Ile_rousse_fairing;Patella sp.;Patella sp.;Pool_patella_167
Field_patella_257;2021-09-21_Ile_rousse_fairing;Patella sp.;Patella sp.;Pool_patella_167
Field_patella_258;2021-09-21_Ile_rousse_fairing;Patella sp.;Patella sp.;Pool_patella_167
Field_patella_259;2022-01-24_STARESO_port;Patella sp.;Patella sp.;Pool_patella_168
Field_patella_260;2022-01-24_STARESO_port;Patella sp.;Patella sp.;Pool_patella_168
Field_patella_261;2022-01-24_STARESO_port;Patella sp.;Patella sp.;Pool_patella_168
Field_patella_262;2022-01-24_STARESO_port;Patella sp.;Patella sp.;Pool_patella_168
Field_patella_263;2022-01-24_STARESO_port;Patella sp.;Patella sp.;Pool_patella_168
Field_patella_264;2022-01-24_STARESO_port;Patella sp.;Patella sp.;Pool_patella_168
Field_patella_265;2022-01-24_STARESO_port;Patella sp.;Patella sp.;Pool_patella_168
Field_patella_266;2022-01-24_Calvi_fairing;Patella sp.;Patella sp.;Pool_patella_169
Field_patella_267;2022-01-24_Calvi_fairing;Patella sp.;Patella sp.;Pool_patella_169
Field_patella_268;2022-01-24_Calvi_fairing;Patella sp.;Patella sp.;Pool_patella_169
Field_patella_269;2022-01-24_Calvi_fairing;Patella sp.;Patella sp.;Pool_patella_169
Field_patella_270;2022-01-24_Calvi_fairing;Patella sp.;Patella sp.;Pool_patella_169
Field_patella_271;2022-01-24_Calvi_fairing;Patella sp.;Patella sp.;Pool_patella_169
Field_patella_272;2022-01-24_Calvi_fairing;Patella sp.;Patella sp.;Pool_patella_169
Field_patella_273;2022-01-25_St_florent_oil;Patella sp.;Patella sp.;Pool_patella_170
Field_patella_274;2022-01-25_St_florent_oil;Patella sp.;Patella sp.;Pool_patella_170
Field_patella_275;2022-01-25_St_florent_oil;Patella sp.;Patella sp.;Pool_patella_170
Field_patella_276;2022-01-25_St_florent_oil;Patella sp.;Patella sp.;Pool_patella_170
Field_patella_277;2022-01-25_St_florent_oil;Patella sp.;Patella sp.;Pool_patella_170
Field_patella_278;2022-01-25_St_florent_oil;Patella sp.;Patella sp.;Pool_patella_170
Field_patella_279;2022-01-25_St_florent_oil;Patella sp.;Patella sp.;Pool_patella_170
Field_patella_280;2022-01-25_Ile_rousse_fairing;Patella sp.;Patella sp.;Pool_patella_171
Field_patella_281;2022-01-25_Ile_rousse_fairing;Patella sp.;Patella sp.;Pool_patella_171
Field_patella_282;2022-01-25_Ile_rousse_fairing;Patella sp.;Patella sp.;Pool_patella_171
Field_patella_283;2022-01-25_Ile_rousse_fairing;Patella sp.;Patella sp.;Pool_patella_171
Field_patella_284;2022-01-25_Ile_rousse_fairing;Patella sp.;Patella sp.;Pool_patella_171
Field_patella_285;2022-01-25_Ile_rousse_fairing;Patella sp.;Patella sp.;Pool_patella_171
Field_patella_286;2022-01-25_Ile_rousse_fairing;Patella sp.;Patella sp.;Pool_patella_171
Field_patella_287;2022-01-25_St_florent_oil;Patella sp.;Patella sp.;Pool_patella_172
Field_patella_288;2022-01-25_St_florent_oil;Patella sp.;Patella sp.;Pool_patella_173
Field_patella_289;2022-01-25_St_florent_oil;Patella sp.;Patella sp.;Pool_patella_174
Field_patella_290;2022-01-25_St_florent_oil;Patella sp.;Patella sp.;Pool_patella_175
Field_patella_291;2022-01-25_St_florent_oil;Patella sp.;Patella sp.;Pool_patella_176
Field_patella_292;2022-01-25_St_florent_oil;Patella sp.;Patella sp.;Pool_patella_177
Field_patella_293;2022-01-25_St_florent_oil;Patella sp.;Patella sp.;Pool_patella_178
Field_patella_294;2022-01-25_St_florent_oil;Patella sp.;Patella sp.;Pool_patella_179
Field_patella_295;2022-01-25_St_florent_oil;Patella sp.;Patella sp.;Pool_patella_180
Field_patella_296;2022-01-25_St_florent_oil;Patella sp.;Patella sp.;Pool_patella_181
Field_patella_297;2022-01-25_Ile_rousse_fairing;Patella sp.;Patella sp.;Pool_patella_182
Field_patella_298;2022-01-25_Ile_rousse_fairing;Patella sp.;Patella sp.;Pool_patella_183
Field_patella_299;2022-01-25_Ile_rousse_fairing;Patella sp.;Patella sp.;Pool_patella_184
Field_patella_300;2022-01-25_Ile_rousse_fairing;Patella sp.;Patella sp.;Pool_patella_185
Field_patella_301;2022-01-25_Ile_rousse_fairing;Patella sp.;Patella sp.;Pool_patella_186
Field_patella_302;2022-01-25_Ile_rousse_fairing;Patella sp.;Patella sp.;Pool_patella_187
Field_patella_303;2022-01-25_Ile_rousse_fairing;Patella sp.;Patella sp.;Pool_patella_188
Field_patella_304;2022-01-25_Ile_rousse_fairing;Patella sp.;Patella sp.;Pool_patella_189
Field_patella_305;2022-01-25_Ile_rousse_fairing;Patella sp.;Patella sp.;Pool_patella_190
Field_patella_306;2022-01-25_Ile_rousse_fairing;Patella sp.;Patella sp.;Pool_patella_191
Field_patella_307;2022-01-24_STARESO_port;Patella sp.;Patella sp.;Pool_patella_192
Field_patella_308;2022-01-24_STARESO_port;Patella sp.;Patella sp.;Pool_patella_193
Field_patella_309;2022-01-24_STARESO_port;Patella sp.;Patella sp.;Pool_patella_194
Field_patella_310;2022-01-24_STARESO_port;Patella sp.;Patella sp.;Pool_patella_195
Field_patella_311;2022-01-24_STARESO_port;Patella sp.;Patella sp.;Pool_patella_196
Field_patella_312;2022-01-24_STARESO_port;Patella sp.;Patella sp.;Pool_patella_197
Field_patella_313;2022-01-24_STARESO_port;Patella sp.;Patella sp.;Pool_patella_198
Field_patella_314;2022-01-24_STARESO_port;Patella sp.;Patella sp.;Pool_patella_199
Field_patella_315;2022-01-24_Calvi_fairing;Patella sp.;Patella sp.;Pool_patella_200
Field_patella_316;2022-01-24_Calvi_fairing;Patella sp.;Patella sp.;Pool_patella_201
Field_patella_317;2022-01-24_Calvi_fairing;Patella sp.;Patella sp.;Pool_patella_202
Field_patella_318;2022-01-24_Calvi_fairing;Patella sp.;Patella sp.;Pool_patella_203
Field_patella_319;2022-01-24_Calvi_fairing;Patella sp.;Patella sp.;Pool_patella_204
Field_patella_320;2022-01-24_Calvi_fairing;Patella sp.;Patella sp.;Pool_patella_205
Field_patella_321;2022-01-24_Calvi_fairing;Patella sp.;Patella sp.;Pool_patella_206
Field_patella_322;2022-01-24_Calvi_fairing;Patella sp.;Patella sp.;Pool_patella_207
Field_patella_323;2022-01-24_Calvi_fairing;Patella sp.;Patella sp.;Pool_patella_208
Field_patella_324;2022-01-24_Calvi_fairing;Patella sp.;Patella sp.;Pool_patella_209
