Tables;Variable labels;Definition;European Community number;Chemical Abstract Service Registry number (CAS no.);Data type;Unit;Limit of quantification;Limit of detection;Precision;Example;Allowed values;Regulation;Regulation reference;Format;Observations;References;Darwin core term URI;URI;URI skos
Project;;;;;;;;;;;;;;;;;;;
;Project_ID;Acronym of the monetary fund used by the project linked to the identifying number of the project given by the monetary fund.;;;Text;;;;;FEAMP_PFEA800219DM0940001;2 possible values: FEAMP_PFEA800219DM0940001 / CIFRE_2019/0030;;;Acronym of the monetary fund used by the project_Identifying number of the project given by the monetary fund;;;;http://purl.org/cerif/frapo/hasProjectIdentifier;skos:closeMatch
;Project_acronym;Acronym of the scientific project from which the data are drawn.;;;Text;;;;;QUAMPO;2 possible values: QUAMPO / QUALIPERTUIS;;;;;https://quampo.recherche.univ-lr.fr/;http://rs.tdwg.org/dwc/terms/ownerInstitutionCode;http://purl.org/cerif/frapo/hasAcronym;skos:closeMatch
;Project_name;Full name of the scientific project from which the data are drawn.;;;Text;;;;;QUAlité des Milieux marins dans les zones POrtuaires en Méditerranée;2 possible values: QUAlité des Milieux marins dans les zones POrtuaires en Méditerranée / QUAlité du milieu LItorral dans la mer des PERTUIS;;;;;https://quampo.recherche.univ-lr.fr/;http://rs.tdwg.org/dwc/terms/ownerInstitutionCode;http://vocab.nerc.ac.uk/collection/L19/current/SDNKG02/;skos:closeMatch
;Project_number_value;Identifying number of the scientific project from which the data are drawn given by the monetary fund.;;;Text;;;;;PFEA800219DM0940001;2 possible values : PFEA800219DM0940001 / 2019/0030;;;;;https://www.europe-en-france.gouv.fr/fr/fonds-europeens/fonds-europeen-pour-les-affaires-maritimes-et-la-peche-FEAMP;;http://purl.org/cerif/frapo/hasCallIdentifier;skos:closeMatch
;Project_funding_name;Origin of the monetary fund used by the project.;;;Text;;;;;Fonds Européen pour les Affaires Maritimes et la Pêche (FEAMP);2 possible values: Fonds Européen pour les Affaires Maritimes et la Pêche (FEAMP) / Convention Industrielle de Formation par la REcherche (CIFRE);;;;;https://www.europe-en-france.gouv.fr/fr/fonds-europeens/fonds-europeen-pour-les-affaires-maritimes-et-la-peche-FEAMP;;http://vocab.nerc.ac.uk/collection/C59/current/FUND/;skos:closeMatch
;Project_coordinator_name;Name of the project coordinator.;;;Text;;;;;La Rochelle Université;1 possible value: La Rochelle Université;;;;;https://www.univ-larochelle.fr/en/;;http://purl.org/cerif/frapo/HostInstitution;skos:closeMatch
;Project_coordinator_activity_keywords;Field of work of the project coordinator.;;;Text;;;;;Research, sustainable development, coast, global change, multidisciplinary;2 possible values: Research, sustainable development, coast, global change, multidisciplinary / Coastline, Bio-monitoring, Biomarkers, Health status, Port area, Pertuis-Charentais;;;;;https://www.univ-larochelle.fr/en/;;http://purl.org/cerif/frapo/supports;skos:relatedMatch
;Project_beginning_date;Start date of the project.;;;Date;;;;;01/09/2019;2 possible values : 2019-09-01 / 2019-06-03;;;YYYY-MM-DD;;https://quampo.recherche.univ-lr.fr/;;http://purl.org/cerif/frapo/hasStartDate;skos:closeMatch
;Project_end_date;Date of the project completion.;;;Date;;;;;31/08/2022;2 possible values : 2022-08-31 / 2022-09-02;;;YYYY-MM-DD;;https://quampo.recherche.univ-lr.fr/;;http://vocabs.lter-europe.net/EnvThes/10319;skos:closeMatch
Sampling_stations;;;;;;;;;;;;;;;;;;;
;Sampling_station_ID;Acurrate sampling location in a site.;;;Text;;;;;Calvi_fairing;15 possible values: Calvi_port / Calvi_oil / Calvi_fairing / Ile_rousse_port / Ile_rousse_oil / Ile_rousse_fairing / St_florent_port / St_florent_oil  / St_florent_fairing / STARESO_port / Diana_mussel_farm / L'Houmeau_marsh_reference / Minimes_fairing / Minimes_rain_waters / Minimes_oil;;;;"The sampling could have take place near the petrol station (annotated ""oil"") or near the fairing area (annotated ""fairing"") of the port. When the sampling took place in the whole port, the sampling point is annotated ""port"".";;http://rs.tdwg.org/dwc/terms/locationID;http://vocab.nerc.ac.uk/collection/L19/current/002/;skos:relatedMatch
;Sampling_station_latitude_value;Latitude of the sampling station.;;;Numeric;Decimal degrees, WGS84;;;;42.68093;15 possible values: 42.56726 / 42.56359 / 42.56439 / 42.64151 / 42.64023 / 42.64064 / 42.67993 / 42.67980 / 42.68093 / 42.58044 / 42.07478 / 46.20382 / 46.14675 / 46.14143 / 46.14688;;;X.XXXXX;;https://www.geonames.org/;http://rs.tdwg.org/dwc/terms/decimalLatitude;http://vocab.nerc.ac.uk/collection/S06/current/S0600255/;skos:closeMatch
;Sampling_station_longitude_value;Longitude of the sampling station.;;;Numeric;Decimal degrees, WGS84;;;;9.29801;15 possible values: 8.76163 / 8.75694 / 8.75768 / 8.93639 / 8.93554 / 8.93591 / 9.30031 / 8.30094 / 9.29801 / 8.72542 / 9.30593 / -1.19539 / -1.16187 / -1.16605 / -1.16749;;;X.XXXXX;;https://www.geonames.org/;http://rs.tdwg.org/dwc/terms/decimalLongitude;http://vocab.nerc.ac.uk/collection/S06/current/S0600255/;skos:closeMatch
;Sampling_station_geonames_name;Name of the location where the sampling took place given by the https://www.geonames.org/ website, if applicable.;;;Text;;;;;Ile Rousse Port;6 possible values: Calvi Port / Ile Rousse Port / Port Saint Florent / Les Minimes / L'Houmeau / NA;;;;"""NA"" is used to signify an absence of information.";https://www.geonames.org/;;http://lod.nal.usda.gov/nalt/44606;skos:relatedMatch
;Sampling_station_common_name;Name of the location of the sampling used by the researchers in their publications. ;;;Text;;;;;Xavier Colonna Port;9 possible values: Xavier Colonna Port / Ile Rousse Port / St-Florent Port / Station de Recherches Sous-marines et Océanographiques de Calvi / SARL Étang de Diana / Marsh / CAR / PLU / NFS;;;;;;;http://lod.nal.usda.gov/nalt/44606;skos:relatedMatch
;Sampling_station_administrator_name;First name and surname of the location administrator.;;;Text;;;;;Philippe Gabrielli;7 possible values: Philippe Gabrielli / Jean-Simon Savelli /  David Donnini / Pierre Lejeune / Bernard Pantalacci / Emmanuel Dubillot / Bertrand Moquay;;;;;;;http://purl.org/cerif/frapo/Owner;skos:relatedMatch
;Sampling_station_label_name;If applicable, the name of the environmental label(s) obtained by the location.;;;Text;;;;;Port propre;4 possible values: Pavillon bleu / Port propre and Pavillon bleu / NA / Not applicable;;;;"""NA"" is used to signify an absence of information while ""Not applicable"" is used to express the non-applicability of the information for the station of interest.";https://www.pavillonbleu.org/ and https://www.ports-propres.org/;;http://purl.org/cerif/frapo/hasQualification;skos:relatedMatch
;Sampling_station_berth_number;Number of berths in the port in 2018 according to the port administrator.;;;Numeric;;;;;500;6 possible values: 500 / 250 / 950 / 4 / 4500 / Not applicable;;;;"""Not applicable"" is used to express the non-applicability of the information for the station of interest.";;;http://vocab.nerc.ac.uk/collection/S06/current/S0600023/;skos:relatedMatch
;Sampling_station_municipality_name;Municipality in which the location where the sampling took place is located.;;;Text;;;;;Calvi;5 possible values: Calvi / L'Île Rousse / Saint Florent / Aléria / La Rochelle;;;;;;http://rs.tdwg.org/dwc/terms/municipality;http://purl.org/cerif/frapo/hasCityOrTown;skos:closeMatch
Fieldwork;;;;;;;;;;;;;;;;;;;
;Fieldwork_ID;Unique identifier of the fieldwork carried out on a specific date and located at a specific station.;;;Text;;;;;2020-01-14_Calvi_fairing;As many values as sampling conducted.;;;Sampling date_sampling station;;;http://rs.tdwg.org/dwc/terms/eventID;http://vocab.nerc.ac.uk/collection/MVB/current/MVB000103/;skos:closeMatch
;Sampling_station_ID;Acurrate sampling location in a port.;;;Text;;;;;Calvi_fairing;15 possible values: Calvi_port / Calvi_oil / Calvi_fairing / Ile_rousse_port / Ile_rousse_oil / Ile_rousse_fairing / St_florent_port / St_florent_oil  / St_florent_fairing / STARESO_port / Diana_mussel_farm / L'Houmeau_marsh_reference / Minimes_fairing / Minimes_rain_waters / Minimes_oil;;;;"The sampling could have take place near the petrol station (annotated ""oil"") or near the fairing area (annotated ""fairing"") of the port. When the sampling took place in the whole port, the sampling point is annotated ""port"".";;http://rs.tdwg.org/dwc/terms/locationID;http://vocab.nerc.ac.uk/collection/L19/current/002/;skos:relatedMatch
;Sampling_date;Date of the sampling.;;;Date;;;;;14/01/2020;55 possible values: 2019-10-16 / 2019-10-21 / 2019-10-23 / 2019-11-04 / 2019-11-06 / 2019-11-13 / 2019-11-14 / 2020-01-13 / 2020-01-14 / 2020-01-20 / 2020-01-21 / 2020-01-27 / 2020-01-28 / 2020-02-10 / 2020-02-11 / 2020-02-19 / 2020-02-20 / 2020-04-06 / 2020-04-13 / 2020-04-27 / 2020-05-06 / 2020-09-21 / 2020-09-22 / 2020-10-13 / 2020-10-20 / 2020-10-21 / 2020-10-29 / 2020-11-03 / 2020-11-04 / 2020-11-12 / 2020-11-13 / 2021-01-25 /2021-01-26 / 2021-02-01 / 2021-02-03 / 2021-02-15 / 2021-02-16 / 2021-02-24 / 2021-02-25 / 2021-04-07 / 2021-04-13 / 2021-04-28 / 2021-04-29 / 2021-05-06 / 2021-05-07 / 2021-08-17 / 2021-09-20 / 2021-09-21 / 2021-10-08 / 2021-10-15 / 2021-10-29 / 2021-11-08 / 2021-12-01 / 2022-01-24 / 2022-01-25;;;YYYY-MM-DD;;;http://rs.tdwg.org/dwc/terms/eventDate;http://vocab.nerc.ac.uk/collection/V23/current/G01/;skos:closeMatch
;Project_ID;Acronym of the monetary fund used by the project linked to the identifying number of the project given by the monetary fund.;;;Text;;;;;FEAMP_PFEA800219DM0940001;2 possible value: FEAMP_PFEA800219DM0940001 / CIFRE_2019/0030;;;Acronym of the monetary fund used by the project_Identifying number of the project given by the monetary fund;;;;http://purl.org/cerif/frapo/hasProjectIdentifier;skos:closeMatch
;Sampling_month_value;Month of the year in which the sampling took place.;;;Text;;;;;January;9 possible values: January / February / April / May / August / September / October / November / December;;;;The organisms sampling only took place during the months of january and september while the water sampling took place during the three months.;;http://rs.tdwg.org/dwc/terms/month;http://vocab.nerc.ac.uk/collection/P09/current/MNTH/;skos:closeMatch
;Sampling_year_value;Year in which the sampling took place.;;;Numeric;;;;;2020;4 possible values: 2019 / 2020 / 2021 / 2022;;;YYYY;;;http://rs.tdwg.org/dwc/terms/year;http://vocab.nerc.ac.uk/collection/P09/current/YEAR/;skos:closeMatch
Water_samples_measurements;;;;;;;;;;;;;;;;;;;
;Water_sample_ID;Unique identifier of a water sample.;;;Text;;;;;Water_sample_01;As many values as water samples;;;;;;http://rs.tdwg.org/dwc/terms/materialSampleID;http://vocab.nerc.ac.uk/collection/P01/current/SAMPID01/;skos:closeMatch
;Fieldwork_ID;Unique identifier of the fieldwork carried out on a specific date and located at a specific station.;;;Text;;;;;2020-01-14_Calvi_fairing;As many values as sampling conducted.;;;Sampling date_sampling station;;;http://rs.tdwg.org/dwc/terms/eventID;http://vocab.nerc.ac.uk/collection/MVB/current/MVB000103/;skos:closeMatch
;Water_subsurface_temperature_celcius;Temperature of the subsurface water at the sampling station measured in celcius degrees by a multiparameter probe type YSI-Exo2 or a HANNA multi-parameter probe (HI9829).;;;Numeric;°C;;;Accurate to 1/100th of a °C.;18.23;"From 5.28 to 24.71 or ""NA""";;;X.XX;"""NA"" used to signify an absence of information";;http://rs.tdwg.org/dwc/terms/measurementValue;http://vocab.nerc.ac.uk/collection/C77/current/H72/;skos:closeMatch
;Water_subsurface_salinity_psu;Salinity of the subsurface water at the sampling station measured in practical salinity unit by a multiparameter probe type YSI-Exo2 or a HANNA multi-parameter probe (HI9829).;;;Numeric;psu;;;Accurate to 1/100th of a psu.;38.03;"From 22.87 to 38.45 or ""NA""";;;X.XX;"""NA"" used to signify an absence of information";;http://rs.tdwg.org/dwc/terms/measurementValue;http://vocab.nerc.ac.uk/collection/P35/current/EPC00001/;skos:closeMatch
;Water_subsurface_dissolved_oxygen_mg_per_L;The concentration of oxygen in the subsurface water in mg per liter of water measured at the sampling station by a multiparameter probe type YSI-Exo2 or a HANNA multi-parameter probe (HI9829).;;7782-44-7;Numeric;mg/L;;;Accurate to 1/100th of a mg.;7.38;"From 3.73 to 31.46 or ""NA""";;;X.XX;"""NA"" used to signify an absence of information";echa.europa.eu;http://rs.tdwg.org/dwc/terms/measurementValue;http://vocab.nerc.ac.uk/collection/P35/current/EPC00002/;skos:closeMatch
;Water_subsurface_pH;The chemical activity of the protons in the subsurface water at the sampling station measured by a multiparameter probe type YSI-Exo2 or a HANNA multi-parameter probe (HI9829).;;;Numeric;;;;Accurate to 1/100th.;8.02;"From 7.68 to 8.99 or ""NA""";;;X.XX;"""NA"" used to signify an absence of information";;http://rs.tdwg.org/dwc/terms/measurementValue;http://vocab.nerc.ac.uk/collection/P35/current/EPC00168/;skos:closeMatch
;Water_subsurface_turbidity_fnu;Material content of the subsurface water at the sampling station measured in Formazin Nephelometric Unit (FNU) by a HANNA multi-parameter probe (HI9829).;;;Numeric;fnu;;;Accurate to 1/100th.;17.6;"From 1.00 to 194.00 or ""NA""";;;X.XX;"""NA"" used to signify an absence of information";;http://rs.tdwg.org/dwc/terms/measurementValue;http://purl.org/nemo/doce#Turbidity;skos:relatedMatch
;Water_subsurface_chlorophyll_a_concentration_µg_per_L;Concentration of chlorophyll a measured in microgram per liter of subsurface water in a Niskin water sample taken at the sampling station and analysed by Turner fluorometry.;;479-61-8;Numeric;µg/L;;;Accurate to 1/100th of a µg.;1.15;"From 0.18 to 8.22, ""NA"" or ""NP""";;;X.XX;"""NA"" used to signify an absence of information and ""NP"" used to signify that the data is not public.";echa.europa.eu;http://rs.tdwg.org/dwc/terms/measurementValue;http://vocab.nerc.ac.uk/collection/P35/current/EPC00105/;skos:closeMatch
;Water_subsurface_nitrite_concentration_µM;Concentration of nitrite measured in micromol per liter of subsurface water in a Niskin water sample taken at the sampling station and analysed by a SKALAR-type flow autoanalysis.;;14797-65-0;Numeric;µmol/L;0.04 or 0.05;0.01 or 0.02;Accurate to 1/100th of a µmol.;0.44;"From 0.03 to 0.47, ""LQn"", ""LDn"", ""NA"" or ""NP""";;;X.XX;"""LQn"" used to define a data below the quantification limit, ""LDn"" used to define a data below the detection limit, ""NA"" used to signify an absence of information and ""NP"" used to signify that the data is not public.";echa.europa.eu;http://rs.tdwg.org/dwc/terms/measurementValue;http://vocab.nerc.ac.uk/collection/P35/current/EPC00006/;skos:closeMatch
;Water_subsurface_nitrate_concentration_µM;Concentration of nitrate measured in micromol per liter of subsurface water in a Niskin water sample taken at the sampling station and analysed by a SKALAR-type flow autoanalysis.;;14797-55-8;Numeric;µmol/L;0.00 or 0.05;0.00 or 0.02;Accurate to 1/100th of a µmol.;0.61;"From 0.16 to 14.42, ""LQn"", ""LDn"", ""NA"" or ""NP""";;;X.XX;"""LDn"" used to define a data below the detection limit, ""NA"" used to signify an absence of information and ""NP"" used to signify that the data is not public.";echa.europa.eu;http://rs.tdwg.org/dwc/terms/measurementValue;http://vocab.nerc.ac.uk/collection/P35/current/EPC00004/;skos:closeMatch
;Water_subsurface_silica_concentration_µM;Concentration of silica (silicon dioxide) measured in micromol per liter of subsurface water in a Niskin water sample taken at the sampling station and analysed by a SKALAR-type flow autoanalysis.;;7631-86-9;Numeric;µmol/L;0.05, 0.11 or 0.26;0.02, 0.03 or 0.08;Accurate to 1/100th of a µmol.;1.81;"From 0.29 to 75.76, ""LQn"", ""LDn"", ""NA"" or ""NP""";;;X.XX;"""LQn"" used to define a data below the quantification limit, ""LDn"" used to define a data below the detection limit, ""NA"" used to signify an absence of information and ""NP"" used to signify that the data is not public.";echa.europa.eu;http://rs.tdwg.org/dwc/terms/measurementValue;http://vocab.nerc.ac.uk/collection/P35/current/EPC00008/;skos:relatedMatch
;Water_subsurface_phosphate_concentration_µM;Concentration of phosphate measured in micromol per liter of subsurface water in a Niskin water sample taken at the sampling station and analysed by a SKALAR-type flow autoanalysis.;;14265-44-2;Numeric;µmol/L;0.00, 0.04 or 0.05;0.00, 0.01 or 0.02;Accurate to 1/100th of a µmol.;0.45;"From 0.02 to 0.63, ""LDn"", ""NA"" or ""NP""";;;X.XX;"""LQn"" used to define a data below the quantification limit, ""NA"" used to signify an absence of information and ""NP"" used to signify that the data is not public.";echa.europa.eu;http://rs.tdwg.org/dwc/terms/measurementValue;http://vocab.nerc.ac.uk/collection/P35/current/EPC00007/;skos:closeMatch
;Water_subsurface_ammonium_concentration_µM;Concentration of ammonium measured in micromol per liter of subsurface water in a Niskin water sample taken at the sampling station and analysed by a SKALAR-type flow autoanalysis.;;14798-03-9;Numeric;µmol/L;0.00, 0.15 or 0.53;0.00, 0.04 or 0.16;Accurate to 1/100th of a µmol.;0.88;"From 0.11 to 5.21, ""LDn"", ""NA"" or ""NP""";;;X.XX;"""LDn"" used to define a data below the detection limit, ""NA"" used to signify an absence of information and ""NP"" used to signify that the data is not public.";echa.europa.eu;http://rs.tdwg.org/dwc/terms/measurementValue;http://vocab.nerc.ac.uk/collection/P35/current/EPC00009/;skos:closeMatch
;Water_surface_Ag_concentration_µg_per_L;Concentration of silver in microgram per liter of surface water analysed using an Inductively Coupled Plasma Optical Emission Spectrometry (ICP-OES) and an Inductively Coupled Plasma Mass Spectrometry (ICP-MS).;;7440-22-4;Numeric;µg/L;10;Na;Accurate to 1/100th of a µg.;LQ;"""LQ"", ""NA"" or ""NP""";;;X.XX;"""LQ"" used to define a data below the quantification limit of the analyses, ""NA"" used to signify an absence of information and ""NP"" used to signify that the data is not public.";echa.europa.eu;http://rs.tdwg.org/dwc/terms/measurementValue;http://vocab.nerc.ac.uk/collection/P35/current/EPC00030/;skos:closeMatch
;Water_surface_Al_concentration_µg_per_L;Concentration of aluminium in microgram per liter of surface water analysed using an Inductively Coupled Plasma Optical Emission Spectrometry (ICP-OES) and an Inductively Coupled Plasma Mass Spectrometry (ICP-MS).;;7429-90-5;Numeric;µg/L;200;Na;Accurate to 1/100th of a µg.;223.5;"223.5, ""LQ"", ""NA"" or ""NP""";;;X.XX;"""LQ"" used to define a data below the quantification limit of the analyses, ""NA"" used to signify an absence of information and ""NP"" used to signify that the data is not public.";echa.europa.eu;http://rs.tdwg.org/dwc/terms/measurementValue;http://vocab.nerc.ac.uk/collection/P35/current/EPC00011/;skos:closeMatch
;Water_surface_As_concentration_µg_per_L;Concentration of arsenic in microgram per liter of surface water analysed using an Inductively Coupled Plasma Optical Emission Spectrometry (ICP-OES) and an Inductively Coupled Plasma Mass Spectrometry (ICP-MS).;;7440-38-2;Numeric;µg/L;10;Na;Accurate to 1/100th of a µg.;14.84;"14.84, ""LQ"", ""NA"" or ""NP""";1.37;INERIS (2015);X.XX;"""LQ"" used to define a data below the quantification limit of the analyses, ""NA"" used to signify an absence of information and ""NP"" used to signify that the data is not public.";echa.europa.eu;http://rs.tdwg.org/dwc/terms/measurementValue;http://vocab.nerc.ac.uk/collection/P35/current/EPC00013/;skos:closeMatch
;Water_surface_Ba_concentration_µg_per_L;Concentration of barium in microgram per liter of surface water analysed using an Inductively Coupled Plasma Optical Emission Spectrometry (ICP-OES) and an Inductively Coupled Plasma Mass Spectrometry (ICP-MS).;;7440-39-3;Numeric;µg/L;10;Na;Accurate to 1/100th of a µg.;LQ;"""LQ"", ""NA"" or ""NP""";;;X.XX;"""LQ"" used to define a data below the quantification limit of the analyses, ""NA"" used to signify an absence of information and ""NP"" used to signify that the data is not public.";echa.europa.eu;http://rs.tdwg.org/dwc/terms/measurementValue;http://vocab.nerc.ac.uk/collection/P35/current/EPC00014/;skos:closeMatch
;Water_surface_Cd_concentration_µg_per_L;Concentration of cadmium in microgram per liter of surface water analysed using an Inductively Coupled Plasma Optical Emission Spectrometry (ICP-OES) and an Inductively Coupled Plasma Mass Spectrometry (ICP-MS).;;7440-43-9;Numeric;µg/L;2;Na;Accurate to 1/100th of a µg.;LQ;"""LQ"", ""NA"" or ""NP""";≤ 0.45 (class 1) 0.45 (class 2) 0.6 (class 3) 0.9 (class 4) or 1.5 (class 5);(EU) 2013/39;X.XX;"""LQ"" used to define a data below the quantification limit of the analyses, ""NA"" used to signify an absence of information and ""NP"" used to signify that the data is not public.";"echa.europa.eu ; https://substances.ineris.fr/fr/substance/cas/7440-43-9/3";http://rs.tdwg.org/dwc/terms/measurementValue;http://vocab.nerc.ac.uk/collection/P35/current/EPC00017/;skos:closeMatch
;Water_surface_Co_concentration_µg_per_L;Concentration of cobalt in microgram per liter of surface water analysed using an Inductively Coupled Plasma Optical Emission Spectrometry (ICP-OES) and an Inductively Coupled Plasma Mass Spectrometry (ICP-MS).;;7440-48-4;Numeric;µg/L;1;Na;Accurate to 1/100th of a µg.;1.1;"From 1.02 to 1.66, ""LQ"", ""NA"" or ""NP""";;;X.XX;"""LQ"" used to define a data below the quantification limit of the analyses, ""NA"" used to signify an absence of information and ""NP"" used to signify that the data is not public.";echa.europa.eu;http://rs.tdwg.org/dwc/terms/measurementValue;http://vocab.nerc.ac.uk/collection/P35/current/EPC00019/;skos:closeMatch
;Water_surface_Cr_concentration_µg_per_L;Concentration of chromium in microgram per liter of surface water analysed using an Inductively Coupled Plasma Optical Emission Spectrometry (ICP-OES) and an Inductively Coupled Plasma Mass Spectrometry (ICP-MS).;;7440-47-3;Numeric;µg/L;10;Na;Accurate to 1/100th of a µg.;LQ;"""LQ"", ""NA"" or ""NP""";;;X.XX;"""LQ"" used to define a data below the quantification limit of the analyses, ""NA"" used to signify an absence of information and ""NP"" used to signify that the data is not public.";echa.europa.eu;http://rs.tdwg.org/dwc/terms/measurementValue;http://vocab.nerc.ac.uk/collection/P35/current/EPC00018/;skos:closeMatch
;Water_surface_Cu_concentration_µg_per_L;Concentration of copper in microgram per liter of surface water analysed using an Inductively Coupled Plasma Optical Emission Spectrometry (ICP-OES) and an Inductively Coupled Plasma Mass Spectrometry (ICP-MS).;;7440-50-8;Numeric;µg/L;2;Na;Accurate to 1/100th of a µg.;8.5;"From 2.56 to 18.00, ""LQ"", ""NA"" or ""NP""";;;X.XX;"""LQ"" used to define a data below the quantification limit of the analyses, ""NA"" used to signify an absence of information and ""NP"" used to signify that the data is not public.";echa.europa.eu;http://rs.tdwg.org/dwc/terms/measurementValue;http://vocab.nerc.ac.uk/collection/P35/current/EPC00020/;skos:closeMatch
;Water_surface_Fe_concentration_µg_per_L;Concentration of iron in microgram per liter of surface water analysed using an Inductively Coupled Plasma Optical Emission Spectrometry (ICP-OES) and an Inductively Coupled Plasma Mass Spectrometry (ICP-MS).;;7439-89-6;Numeric;µg/L;250.00, 500.00 or 2500.00;Na;Accurate to 1/100th of a µg.;LQ250;"""LQn"", ""NA"" or ""NP""";;;X.XX;"""LQn"" used to define a data below the quantification limit of the analyses, ""NA"" used to signify an absence of information and ""NP"" used to signify that the data is not public.";echa.europa.eu;http://rs.tdwg.org/dwc/terms/measurementValue;http://vocab.nerc.ac.uk/collection/P35/current/EPC00021/;skos:closeMatch
;Water_surface_In_concentration_µg_per_L;Concentration of indium in microgram per liter of surface water analysed using an Inductively Coupled Plasma Optical Emission Spectrometry (ICP-OES) and an Inductively Coupled Plasma Mass Spectrometry (ICP-MS).;;7440-74-6;Numeric;µg/L;20;NA;Accurate to 1/100th of a µg.;LQ;"""LQ"", ""NA"" or ""NP""";;;X.XX;"""LQ"" used to define a data below the quantification limit of the analyses, ""NA"" used to signify an absence of information and ""NP"" used to signify that the data is not public.";echa.europa.eu;http://rs.tdwg.org/dwc/terms/measurementValue;http://purl.org/nemo/doce#ChemicalEntityConcentrationQualityKind;skos:relatedMatch
;Water_surface_Mn_concentration_µg_per_L;Concentration of manganese in microgram per liter of surface water analysed using an Inductively Coupled Plasma Optical Emission Spectrometry (ICP-OES) and an Inductively Coupled Plasma Mass Spectrometry (ICP-MS).;;7439-96-5;Numeric;µg/L;1;Na;Accurate to 1/100th of a µg.;5.82;"From 1.10 to 18.94, ""LQ"", ""NA"" or ""NP""";;;X.XX;"""LQ"" used to define a data below the quantification limit of the analyses, ""NA"" used to signify an absence of information and ""NP"" used to signify that the data is not public.";echa.europa.eu;http://rs.tdwg.org/dwc/terms/measurementValue;http://vocab.nerc.ac.uk/collection/P35/current/EPC00024/;skos:closeMatch
;Water_surface_Mo_concentration_µg_per_L;Concentration of molybdenum in microgram per liter of surface water analysed using an Inductively Coupled Plasma Optical Emission Spectrometry (ICP-OES) and an Inductively Coupled Plasma Mass Spectrometry (ICP-MS).;;7439-98-7;Numeric;µg/L;10;Na;Accurate to 1/100th of a µg.;11.02;"From 11.02 to 12.72, ""LQ"", ""NA"" or ""NP""";;;X.XX;"""LQ"" used to define a data below the quantification limit of the analyses, ""NA"" used to signify an absence of information and ""NP"" used to signify that the data is not public.";echa.europa.eu;http://rs.tdwg.org/dwc/terms/measurementValue;http://vocab.nerc.ac.uk/collection/P35/current/EPC00026/;skos:closeMatch
;Water_surface_Ni_concentration_µg_per_L;Concentration of nickel in microgram per liter of surface water analysed using an Inductively Coupled Plasma Optical Emission Spectrometry (ICP-OES) and an Inductively Coupled Plasma Mass Spectrometry (ICP-MS).;;7440-02-0;Numeric;µg/L;100;Na;Accurate to 1/100th of a µg.;LQ;"""LQ"", ""NA"" or ""NP""";34;(EU) 2013/39;X.XX;"""LQ"" used to define a data below the quantification limit of the analyses, ""NA"" used to signify an absence of information and ""NP"" used to signify that the data is not public.";echa.europa.eu;http://rs.tdwg.org/dwc/terms/measurementValue;http://vocab.nerc.ac.uk/collection/P35/current/EPC00027/;skos:closeMatch
;Water_surface_Pb_concentration_µg_per_L;Concentration of lead in microgram per liter of surface water analysed using an Inductively Coupled Plasma Optical Emission Spectrometry (ICP-OES) and an Inductively Coupled Plasma Mass Spectrometry (ICP-MS).;;7439-92-1;Numeric;µg/L;1;Na;Accurate to 1/100th of a µg.;1.94;"From 1.14 to 8.06, ""LQ"", ""NA"" or ""NP""";14;(EU) 2013/39;X.XX;"""LQ"" used to define a data below the quantification limit of the analyses, ""NA"" used to signify an absence of information and ""NP"" used to signify that the data is not public.";echa.europa.eu;http://rs.tdwg.org/dwc/terms/measurementValue;http://vocab.nerc.ac.uk/collection/P35/current/EPC00022/;skos:closeMatch
;Water_surface_Sb_concentration_µg_per_L;Concentration of tin in microgram per liter of surface water analysed using an Inductively Coupled Plasma Optical Emission Spectrometry (ICP-OES) and an Inductively Coupled Plasma Mass Spectrometry (ICP-MS).;;7440-36-0;Numeric;µg/L;1;Na;Accurate to 1/100th of a µg.;2.86;"From 2.14 to 2.86, ""LQ"", ""NA"" or ""NP""";;;X.XX;"""LQ"" used to define a data below the quantification limit of the analyses, ""NA"" used to signify an absence of information and ""NP"" used to signify that the data is not public.";echa.europa.eu;http://rs.tdwg.org/dwc/terms/measurementValue;http://vocab.nerc.ac.uk/collection/P35/current/EPC00012/;skos:closeMatch
;Water_surface_Se_concentration_µg_per_L;Concentration of selenium in microgram per liter of surface water analysed using an Inductively Coupled Plasma Optical Emission Spectrometry (ICP-OES) and an Inductively Coupled Plasma Mass Spectrometry (ICP-MS).;;7782-49-2;Numeric;µg/L;40;Na;Accurate to 1/100th of a µg.;47.82;"From 47.82 to 85.16, ""LQ"", ""NA"" or ""NP""";;;X.XX;"""LQ"" used to define a data below the quantification limit of the analyses, ""NA"" used to signify an absence of information and ""NP"" used to signify that the data is not public.";echa.europa.eu;http://rs.tdwg.org/dwc/terms/measurementValue;http://vocab.nerc.ac.uk/collection/P35/current/EPC00029/;skos:closeMatch
;Water_surface_Sn_concentration_µg_per_L;Concentration of antimony in microgram per liter of surface water analysed using an Inductively Coupled Plasma Optical Emission Spectrometry (ICP-OES) and an Inductively Coupled Plasma Mass Spectrometry (ICP-MS).;;7440-31-5;Numeric;µg/L;2;Na;Accurate to 1/100th of a µg.;LQ;"""LQ"", ""NA"" or ""NP""";17.7;INERIS (2014);X.XX;"""LQ"" used to define a data below the quantification limit of the analyses, ""NA"" used to signify an absence of information and ""NP"" used to signify that the data is not public.";echa.europa.eu;http://rs.tdwg.org/dwc/terms/measurementValue;http://vocab.nerc.ac.uk/collection/P35/current/EPC00034/;skos:closeMatch
;Water_surface_V_concentration_µg_per_L;Concentration of vanadium in microgram per liter of surface water analysed using an Inductively Coupled Plasma Optical Emission Spectrometry (ICP-OES) and an Inductively Coupled Plasma Mass Spectrometry (ICP-MS).;;7440-62-2;Numeric;µg/L;100;Na;Accurate to 1/100th of a µg.;LQ;"""LQ"", ""NA"" or ""NP""";;;X.XX;"""LQ"" used to define a data below the quantification limit of the analyses, ""NA"" used to signify an absence of information and ""NP"" used to signify that the data is not public.";echa.europa.eu;http://rs.tdwg.org/dwc/terms/measurementValue;http://vocab.nerc.ac.uk/collection/P35/current/EPC00037/;skos:closeMatch
;Water_surface_Zn_concentration_µg_per_L;Concentration of zinc in microgram per liter of surface water analysed using an Inductively Coupled Plasma Optical Emission Spectrometry (ICP-OES) and an Inductively Coupled Plasma Mass Spectrometry (ICP-MS).;;7440-66-6;Numeric;µg/L;250.00, 500.00 or 2500.00;Na;Accurate to 1/100th of a µg.;LQ500;"""LQn"", ""NA"" or ""NP""";;;X.XX;"""LQn"" used to define a data below the quantification limit of the analyses, ""NA"" used to signify an absence of information and ""NP"" used to signify that the data is not public.";echa.europa.eu;http://rs.tdwg.org/dwc/terms/measurementValue;http://vocab.nerc.ac.uk/collection/P35/current/EPC00038/;skos:closeMatch
;Water_surface_naphthalene_concentration_ng_per_L;Concentration of naphthalene in nanogram per liter of surface water analysed using a Gas chromatography mass spectrometry (GC-MS).;;91-20-3;Numeric;ng/L;5;1.5;Accurate to 1/100th of a ng.;65.37;"From 6.80 to 65.37, ""LQ"", ""LD"", ""NA"" or ""NP""";130;(EU) 2013/39;X.XX;"""LQ"" used to define a data below the quantification limit, ""LD"" used to define a data below the detection limit, ""NA"" used to signify an absence of information and ""NP"" used to signify that the data is not public.";Frantzen et al. (2016);http://rs.tdwg.org/dwc/terms/measurementValue;http://vocab.nerc.ac.uk/collection/P09/current/NAPW/;skos:closeMatch
;Water_surface_C1-naphthalene_concentration_ng_per_L;Concentration in nanogram per liter of surface water of a group of molecules with a common empirical formula, i.e. naphthalene with the addition of a methyl (CH3), but with a different structural formula, as the methyl may be bonded to different atoms of the napthalene. The samples were analysed using a Gas chromatography mass spectrometry (GC-MS).;;Numerous different CAS numbers;Numeric;ng/L;5;1.5;Accurate to 1/100th of a ng.;13.17;"From 11.35 to 13.17, ""LQ"", ""LD"", ""NA"" or ""NP""";;;X.XX;"""LQ"" used to define a data below the quantification limit, ""LD"" used to define a data below the detection limit, ""NA"" used to signify an absence of information and ""NP"" used to signify that the data is not public.";Frantzen et al. (2016);http://rs.tdwg.org/dwc/terms/measurementValue;http://vocab.nerc.ac.uk/collection/P01/current/BCAHPP35/;skos:closeMatch
;Water_surface_C2-naphthalene_concentration_ng_per_L;Concentration in nanogram per liter of surface water of a group of chemical molecules with a common empirical formula, i.e. naphthalene with the addition of two methyl (CH3) or one ethyl (C2H5), but with a different structural formula, as the methyls or the ethyl may be bonded to different atoms of the napthalene. The samples were analysed using a Gas chromatography mass spectrometry (GC-MS).;;Numerous different CAS numbers;Numeric;ng/L;5;1.5;Accurate to 1/100th of a ng.;6.13;"From 5.32 to 26.20, ""LQ"", ""NA"" or ""NP""";;;X.XX;"""LQ"" used to define a data below the quantification limit, ""NA"" used to signify an absence of information and ""NP"" used to signify that the data is not public.";Frantzen et al. (2016);http://rs.tdwg.org/dwc/terms/measurementValue;http://vocab.nerc.ac.uk/collection/P01/current/CF011WME/;skos:closeMatch
;Water_surface_C3-naphthalene_concentration_ng_per_L;Concentration in nanogram per liter of surface water of a group of chemical molecules with a common empirical formula, i.e. naphthalene plus three methyls (CH3), one ethyl (C2H5) and one methyl, or one propyl (C3H7), but with a different structural formula, as the methyls, the ethyl and the methyl, or the propyl may be bonded to different atoms of the napthalene. The samples were analysed using a Gas chromatography mass spectrometry (GC-MS).;;Numerous different CAS numbers;Numeric;ng/L;5;1.5;Accurate to 1/100th of a ng.;7.21;"From 5.24 to 23.16, ""LQ"", ""NA"" or ""NP""";;;X.XX;"""LQ"" used to define a data below the quantification limit, ""NA"" used to signify an absence of information and ""NP"" used to signify that the data is not public.";Frantzen et al. (2016);http://rs.tdwg.org/dwc/terms/measurementValue;"	http://vocab.nerc.ac.uk/collection/P01/current/CF091WME/";skos:closeMatch
;Water_surface_benzothiophene_concentration_ng_per_L;Concentration of benzothiophene in nanogram per liter of surface water analysed using a Gas chromatography mass spectrometry (GC-MS).;;63675-74-1;Numeric;ng/L;1;0.3;Accurate to 1/100th of a ng.;LD;"""LD"", ""NA"" or ""NP""";;;X.XX;"""LD"" used to define a data below the detection limit, ""NA"" used to signify an absence of information and ""NP"" used to signify that the data is not public.";Frantzen et al. (2016);http://rs.tdwg.org/dwc/terms/measurementValue;http://purl.org/nemo/doce#ChemicalEntityConcentrationQualityKind;skos:relatedMatch
;Water_surface_C1-benzothiophene_concentration_ng_per_L;Concentration in nanogram per liter of surface water of a group of molecules with a common empirical formula, i.e. benzothiophene with the addition of a methyl (CH3), but with a different structural formula, as the methyl may be bonded to different atoms of the benzothiophene. The samples were analysed using a Gas chromatography mass spectrometry (GC-MS).;;Numerous different CAS numbers;Numeric;ng/L;1;0.3;Accurate to 1/100th of a ng.;LD;"LD, ""NA"" or ""NP""";;;X.XX;"""LD"" used to define a data below the detection limit, ""NA"" used to signify an absence of information and ""NP"" used to signify that the data is not public.";Frantzen et al. (2016);http://rs.tdwg.org/dwc/terms/measurementValue;http://purl.org/nemo/doce#ChemicalEntityConcentrationQualityKind;skos:relatedMatch
;Water_surface_C2-benzothiophene_concentration_ng_per_L;Concentration in nanogram per liter of surface water of a group of chemical molecules with a common empirical formula, i.e. benzothiophene with the addition of two methyl (CH3) or one ethyl (C2H5), but with a different structural formula, as the methyls or the ethyl may be bonded to different atoms of the benzothiophene. The samples were analysed using a Gas chromatography mass spectrometry (GC-MS).;;Numerous different CAS numbers;Numeric;ng/L;1;0.3;Accurate to 1/100th of a ng.;LD;"LD, ""NA"" or ""NP""";;;X.XX;"""LD"" used to define a data below the detection limit, ""NA"" used to signify an absence of information and ""NP"" used to signify that the data is not public.";Frantzen et al. (2016);http://rs.tdwg.org/dwc/terms/measurementValue;http://purl.org/nemo/doce#ChemicalEntityConcentrationQualityKind;skos:relatedMatch
;Water_surface_C3-benzothiophene_concentration_ng_per_L;Concentration in nanogram per liter of surface water of a group of chemical molecules with a common empirical formula, i.e. benzothiophene plus three methyls (CH3), one ethyl (C2H5) and one methyl, or one propyl (C3H7), but with a different structural formula, as the methyls, the ethyl and the methyl, or the propyl may be bonded to different atoms of the benzothiophene. The samples were analysed using a Gas chromatography mass spectrometry (GC-MS).;;Numerous different CAS numbers;Numeric;ng/L;1;0.3;Accurate to 1/100th of a ng.;LD;"LD, ""NA"" or ""NP""";;;X.XX;"""LD"" used to define a data below the detection limit, ""NA"" used to signify an absence of information and ""NP"" used to signify that the data is not public.";Frantzen et al. (2016);http://rs.tdwg.org/dwc/terms/measurementValue;http://purl.org/nemo/doce#ChemicalEntityConcentrationQualityKind;skos:relatedMatch
;Water_surface_biphenyl_concentration_ng_per_L;Concentration of biphenyl in nanogram per liter of surface water analysed using a Gas chromatography mass spectrometry (GC-MS).;;92-52-4;Numeric;ng/L;5;1.5;Accurate to 1/100th of a ng.;LD;"LD, ""NA"" or ""NP""";0.4;INERIS (2013);X.XX;"""LD"" used to define a data below the detection limit, ""NA"" used to signify an absence of information and ""NP"" used to signify that the data is not public.";Frantzen et al. (2016);http://rs.tdwg.org/dwc/terms/measurementValue;http://vocab.nerc.ac.uk/collection/P01/current/MUM13275/;skos:closeMatch
;Water_surface_acenapthtylene_concentration_ng_per_L;Concentration of acenapthtylene in nanogram per liter of surface water analysed using a Gas chromatography mass spectrometry (GC-MS).;;208-96-8;Numeric;ng/L;1;0.3;Accurate to 1/100th of a ng.;2;"2.00, ""LD"", ""NA"" or ""NP""";;;X.XX;"""LD"" used to define a data below the detection limit, ""NA"" used to signify an absence of information and ""NP"" used to signify that the data is not public.";Frantzen et al. (2016);http://rs.tdwg.org/dwc/terms/measurementValue;http://vocab.nerc.ac.uk/collection/P01/current/KL503X25/;skos:closeMatch
;Water_surface_acenaphthene_concentration_ng_per_L;Concentration of acenaphthene in nanogram per liter of surface water analysed using a Gas chromatography mass spectrometry (GC-MS).;;83-32-9;Numeric;ng/L;5;1.5;Accurate to 1/100th of a ng.;LQ;"""LQ"", ""LD"", ""NA"" or ""NP""";;;X.XX;"""LQ"" used to define a data below the quantification limit, ""LD"" used to define a data below the detection limit, ""NA"" used to signify an absence of information and ""NP"" used to signify that the data is not public.";Frantzen et al. (2016);http://rs.tdwg.org/dwc/terms/measurementValue;http://vocab.nerc.ac.uk/collection/P01/current/KL503X17/;skos:closeMatch
;Water_surface_fluorene_concentration_ng_per_L;Concentration of fluorene in nanogram per liter of surface water analysed using a Gas chromatography mass spectrometry (GC-MS).;;86-73-7;Numeric;ng/L;5;1.5;Accurate to 1/100th of a ng.;7.21;"7.21, ""LQ"", ""LD"", ""NA"" or ""NP""";;;X.XX;"""LQ"" used to define a data below the quantification limit, ""LD"" used to define a data below the detection limit, ""NA"" used to signify an absence of information and ""NP"" used to signify that the data is not public.";Frantzen et al. (2016);http://rs.tdwg.org/dwc/terms/measurementValue;http://vocab.nerc.ac.uk/collection/P09/current/FLUW/;skos:closeMatch
;Water_surface_C1-fluorene_concentration_ng_per_L;Concentration in nanogram per liter of surface water of a group of molecules with a common empirical formula, i.e. fluorene with the addition of a methyl (CH3), but with a different structural formula, as the methyl may be bonded to different atoms of the fluorene. The samples were analysed using a Gas chromatography mass spectrometry (GC-MS).;;Numerous different CAS numbers;Numeric;ng/L;5;1.5;Accurate to 1/100th of a ng.;LD;"""LQ"", ""LD"", ""NA"" or ""NP""";;;X.XX;"""LQ"" used to define a data below the quantification limit, ""LD"" used to define a data below the detection limit, ""NA"" used to signify an absence of information and ""NP"" used to signify that the data is not public.";Frantzen et al. (2016);http://rs.tdwg.org/dwc/terms/measurementValue;http://purl.org/nemo/doce#ChemicalEntityConcentrationQualityKind;skos:relatedMatch
;Water_surface_C2-fluorene_concentration_ng_per_L;Concentration in nanogram per liter of surface water of a group of chemical molecules with a common empirical formula, i.e. fluorene with the addition of two methyl (CH3) or one ethyl (C2H5), but with a different structural formula, as the methyls or the ethyl may be bonded to different atoms of the fluorene. The samples were analysed using a Gas chromatography mass spectrometry (GC-MS).;;Numerous different CAS numbers;Numeric;ng/L;5;1.5;Accurate to 1/100th of a ng.;7.61;"From 5.43 to 9.18, ""LQ"", ""LD"", ""NA"" or ""NP""";;;X.XX;"""LQ"" used to define a data below the quantification limit, ""LD"" used to define a data below the detection limit, ""NA"" used to signify an absence of information and ""NP"" used to signify that the data is not public.";Frantzen et al. (2016);http://rs.tdwg.org/dwc/terms/measurementValue;http://purl.org/nemo/doce#ChemicalEntityConcentrationQualityKind;skos:relatedMatch
;Water_surface_C3-fluorene_concentration_ng_per_L;Concentration in nanogram per liter of surface water of a group of chemical molecules with a common empirical formula, i.e. fluorene plus three methyls (CH3), one ethyl (C2H5) and one methyl, or one propyl (C3H7), but with a different structural formula, as the methyls, the ethyl and the methyl, or the propyl may be bonded to different atoms of the fluorene. The samples were analysed using a Gas chromatography mass spectrometry (GC-MS).;;Numerous different CAS numbers;Numeric;ng/L;5;1.5;Accurate to 1/100th of a ng.;5.4;"5.40, ""LQ"", ""LD"", ""NA"" or ""NP""";;;X.XX;"""LQ"" used to define a data below the quantification limit, ""LD"" used to define a data below the detection limit, ""NA"" used to signify an absence of information and ""NP"" used to signify that the data is not public.";Frantzen et al. (2016);http://rs.tdwg.org/dwc/terms/measurementValue;http://purl.org/nemo/doce#ChemicalEntityConcentrationQualityKind;skos:relatedMatch
;Water_surface_phenanthrene_concentration_ng_per_L;Concentration of phenanthrene in nanogram per liter of surface water analysed using a Gas chromatography mass spectrometry (GC-MS).;;85-01-8;Numeric;ng/L;5;1.5;Accurate to 1/100th of a ng.;LQ;"""LQ"", ""LD"", ""NA"" or ""NP""";;;X.XX;"""LQ"" used to define a data below the quantification limit, ""LD"" used to define a data below the detection limit, ""NA"" used to signify an absence of information and ""NP"" used to signify that the data is not public.";Frantzen et al. (2016);http://rs.tdwg.org/dwc/terms/measurementValue;http://vocab.nerc.ac.uk/collection/P09/current/PHEW/;skos:closeMatch
;Water_surface_anthracene_concentration_ng_per_L;Concentration of anthracene in nanogram per liter of surface water analysed using a Gas chromatography mass spectrometry (GC-MS).;;120-12-7;Numeric;ng/L;1;0.3;Accurate to 1/100th of a ng.;LD;"""LD"", ""NA"" or ""NP""";0.1;(EU) 2013/39;X.XX;"""LD"" used to define a data below the detection limit, ""NA"" used to signify an absence of information and ""NP"" used to signify that the data is not public.";Frantzen et al. (2016);http://rs.tdwg.org/dwc/terms/measurementValue;http://vocab.nerc.ac.uk/collection/P09/current/ANTW/;skos:closeMatch
;Water_surface_C1-phenanthrene_and_anthracene_concentration_ng_per_L;Concentration in nanogram per liter of surface water of a group of molecules with a common empirical formula, i.e. phenanthrene or anthracene with the addition of a methyl (CH3), but with a different structural formula, as the methyl may be bonded to different atoms of the phenanthrene or the anthracene. The samples were analysed using a Gas chromatography mass spectrometry (GC-MS).;;Numerous different CAS numbers;Numeric;ng/L;5;1.5;Accurate to 1/100th of a ng.;LD;"""LQ"", ""LD"", ""NA"" or ""NP""";;;X.XX;"""LQ"" used to define a data below the quantification limit, ""LD"" used to define a data below the detection limit, ""NA"" used to signify an absence of information and ""NP"" used to signify that the data is not public.";Frantzen et al. (2016);http://rs.tdwg.org/dwc/terms/measurementValue;http://vocab.nerc.ac.uk/collection/P01/current/CF088WME/;skos:relatedMatch
;Water_surface_C2-phenanthrene_and_anthracene_concentration_ng_per_L;Concentration in nanogram per liter of surface water of a group of chemical molecules with a common empirical formula, i.e. phenanthrene or anthracene with the addition of two methyl (CH3) or one ethyl (C2H5), but with a different structural formula, as the methyls or the ethyl may be bonded to different atoms of the phenanthrene or the anthracene. The samples were analysed using a Gas chromatography mass spectrometry (GC-MS).;;Numerous different CAS numbers;Numeric;ng/L;5;1.5;Accurate to 1/100th of a ng.;LD;"""LQ"", ""LD"", ""NA"" or ""NP""";;;X.XX;"""LQ"" used to define a data below the quantification limit, ""LD"" used to define a data below the detection limit, ""NA"" used to signify an absence of information and ""NP"" used to signify that the data is not public.";Frantzen et al. (2016);http://rs.tdwg.org/dwc/terms/measurementValue;http://vocab.nerc.ac.uk/collection/P01/current/CF090WME/;skos:relatedMatch
;Water_surface_C3-phenanthrene_and_anthracene_concentration_ng_per_L;Concentration in nanogram per liter of surface water of a group of chemical molecules with a common empirical formula, i.e. phenanthrene or anthracene plus three methyls (CH3), one ethyl (C2H5) and one methyl, or one propyl (C3H7), but with a different structural formula, as the methyls, the ethyl and the methyl, or the propyl may be bonded to different atoms of the phenanthrene or the anthracene. The samples were analysed using a Gas chromatography mass spectrometry (GC-MS).;;Numerous different CAS numbers;Numeric;ng/L;5;1.5;Accurate to 1/100th of a ng.;LQ;"""LQ"", ""LD"", ""NA"" or ""NP""";;;X.XX;"""LQ"" used to define a data below the quantification limit, ""LD"" used to define a data below the detection limit, ""NA"" used to signify an absence of information and ""NP"" used to signify that the data is not public.";Frantzen et al. (2016);http://rs.tdwg.org/dwc/terms/measurementValue;http://vocab.nerc.ac.uk/collection/P01/current/CF092WME/;skos:relatedMatch
;Water_surface_dibenzothiophene_concentration_ng_per_L;Concentration of dibenzothiophene in nanogram per liter of surface water analysed using a Gas chromatography mass spectrometry (GC-MS).;;132-65-0;Numeric;ng/L;5;1.5;Accurate to 1/100th of a ng.;LD;"""LD"", ""NA"" or ""NP""";;;X.XX;"""LD"" used to define a data below the detection limit, ""NA"" used to signify an absence of information and ""NP"" used to signify that the data is not public.";Frantzen et al. (2016);http://rs.tdwg.org/dwc/terms/measurementValue;http://vocab.nerc.ac.uk/collection/P01/current/OC201503/;skos:closeMatch
;Water_surface_C1-dibenzothiophene_concentration_ng_per_L;Concentration in nanogram per liter of surface water of a group of molecules with a common empirical formula, i.e. dibenzothiophene with the addition of a methyl (CH3), but with a different structural formula, as the methyl may be bonded to different atoms of the dibenzothiophene. The samples were analysed using a Gas chromatography mass spectrometry (GC-MS).;;Numerous different CAS numbers;Numeric;ng/L;5;1.5;Accurate to 1/100th of a ng.;LD;"""LD"", ""NA"" or ""NP""";;;X.XX;"""LD"" used to define a data below the detection limit, ""NA"" used to signify an absence of information and ""NP"" used to signify that the data is not public.";Frantzen et al. (2016);http://rs.tdwg.org/dwc/terms/measurementValue;http://vocab.nerc.ac.uk/collection/P01/current/CF010WME/;skos:closeMatch
;Water_surface_C2-dibenzothiophene_concentration_ng_per_L;Concentration in nanogram per liter of surface water of a group of chemical molecules with a common empirical formula, i.e. dibenzothiophene with the addition of two methyl (CH3) or one ethyl (C2H5), but with a different structural formula, as the methyls or the ethyl may be bonded to different atoms of the dibenzothiophene. The samples were analysed using a Gas chromatography mass spectrometry (GC-MS).;;Numerous different CAS numbers;Numeric;ng/L;5;1.5;Accurate to 1/100th of a ng.;LQ;"""LQ"", ""LD"", ""NA"" or ""NP""";;;X.XX;"""LQ"" used to define a data below the quantification limit, ""LD"" used to define a data below the detection limit, ""NA"" used to signify an absence of information and ""NP"" used to signify that the data is not public.";Frantzen et al. (2016);http://rs.tdwg.org/dwc/terms/measurementValue;http://vocab.nerc.ac.uk/collection/P01/current/CF089WME/;skos:closeMatch
;Water_surface_C3-dibenzothiophene_concentration_ng_per_L;Concentration in nanogram per liter of surface water of a group of chemical molecules with a common empirical formula, i.e. dibenzothiophene plus three methyls (CH3), one ethyl (C2H5) and one methyl, or one propyl (C3H7), but with a different structural formula, as the methyls, the ethyl and the methyl, or the propyl may be bonded to different atoms of the dibenzothiophene. The samples were analysed using a Gas chromatography mass spectrometry (GC-MS).;;Numerous different CAS numbers;Numeric;ng/L;5;1.5;Accurate to 1/100th of a ng.;LQ;"""LQ"", ""LD"", ""NA"" or ""NP""";;;X.XX;"""LQ"" used to define a data below the quantification limit, ""LD"" used to define a data below the detection limit, ""NA"" used to signify an absence of information and ""NP"" used to signify that the data is not public.";Frantzen et al. (2016);http://rs.tdwg.org/dwc/terms/measurementValue;http://vocab.nerc.ac.uk/collection/P01/current/CF008WME/;skos:closeMatch
;Water_surface_fluoranthene_concentration_ng_per_L;Concentration of fluoranthene in nanogram per liter of surface water analysed using a Gas chromatography mass spectrometry (GC-MS).;;206-44-0;Numeric;ng/L;5;1.5;Accurate to 1/100th of a ng.;LD;"""LQ"", ""LD"", ""NA"" or ""NP""";0.12;(EU) 2013/39;X.XX;"""LQ"" used to define a data below the quantification limit, ""LD"" used to define a data below the detection limit, ""NA"" used to signify an absence of information and ""NP"" used to signify that the data is not public.";Frantzen et al. (2016);http://rs.tdwg.org/dwc/terms/measurementValue;http://vocab.nerc.ac.uk/collection/P09/current/FLRW/;skos:closeMatch
;Water_surface_pyrene_concentration_ng_per_L;Concentration of pyrene in nanogram per liter of surface water analysed using a Gas chromatography mass spectrometry (GC-MS).;;129-00-0;Numeric;ng/L;1.00 or 5.00;0.30 or 1.50;Accurate to 1/100th of a ng.;LD0.03;"""LQn"", ""LDn"", ""NA"" or ""NP""";;;X.XX;"""LQn"" used to define a data below the quantification limit, ""LDn"" used to define a data below the detection limit, ""NA"" used to signify an absence of information and ""NP"" used to signify that the data is not public.";Frantzen et al. (2016);http://rs.tdwg.org/dwc/terms/measurementValue;http://vocab.nerc.ac.uk/collection/P09/current/PYRW/;skos:closeMatch
;Water_surface_C1-fluoranthene_and_pyrene_concentration_ng_per_L;Concentration in nanogram per liter of surface water of a group of molecules with a common empirical formula, i.e. fluoranthene or pyrene with the addition of a methyl (CH3), but with a different structural formula, as the methyl may be bonded to different atoms of the fluoranthene or the pyrene. The samples were analysed using a Gas chromatography mass spectrometry (GC-MS).;;Numerous different CAS numbers;Numeric;ng/L;1;0.3;Accurate to 1/100th of a ng.;LD;"""LD"", ""NA"" or ""NP""";;;X.XX;"""LD"" used to define a data below the detection limit, ""NA"" used to signify an absence of information and ""NP"" used to signify that the data is not public.";Frantzen et al. (2016);http://rs.tdwg.org/dwc/terms/measurementValue;http://purl.org/nemo/doce#ChemicalEntityConcentrationQualityKind;skos:relatedMatch
;Water_surface_C2-fluoranthene_and_pyrene_concentration_ng_per_L;Concentration in nanogram per liter of surface water of a group of chemical molecules with a common empirical formula, i.e. fluoranthene or pyrene with the addition of two methyl (CH3) or one ethyl (C2H5), but with a different structural formula, as the methyls or the ethyl may be bonded to different atoms of the fluoranthene or the pyrene. The samples were analysed using a Gas chromatography mass spectrometry (GC-MS).;;Numerous different CAS numbers;Numeric;ng/L;5;1.5;Accurate to 1/100th of a ng.;LD;"""LD"", ""NA"" or ""NP""";;;X.XX;"""LD"" used to define a data below the detection limit, ""NA"" used to signify an absence of information and ""NP"" used to signify that the data is not public.";Frantzen et al. (2016);http://rs.tdwg.org/dwc/terms/measurementValue;http://purl.org/nemo/doce#ChemicalEntityConcentrationQualityKind;skos:relatedMatch
;Water_surface_C3-fluoranthene_and_pyrene_concentration_ng_per_L;Concentration in nanogram per liter of surface water of a group of chemical molecules with a common empirical formula, i.e. fluoranthene or pyrene plus three methyls (CH3), one ethyl (C2H5) and one methyl, or one propyl (C3H7), but with a different structural formula, as the methyls, the ethyl and the methyl, or the propyl may be bonded to different atoms of the fluoranthene or the pyrene. The samples were analysed using a Gas chromatography mass spectrometry (GC-MS).;;Numerous different CAS numbers;Numeric;ng/L;5;1.5;Accurate to 1/100th of a ng.;LD;"""LD"", ""NA"" or ""NP""";;;X.XX;"""LD"" used to define a data below the detection limit, ""NA"" used to signify an absence of information and ""NP"" used to signify that the data is not public.";Frantzen et al. (2016);http://rs.tdwg.org/dwc/terms/measurementValue;http://purl.org/nemo/doce#ChemicalEntityConcentrationQualityKind;skos:relatedMatch
;Water_surface_benz[a]anthracene_concentration_ng_per_L;Concentration of benz[a]anthracene in nanogram per liter of surface water analysed using a Gas chromatography mass spectrometry (GC-MS).;;56-55-3;Numeric;ng/L;0.5;0.15;Accurate to 1/100th of a ng.;LD;"""LQ"", ""LD"", ""NA"" or ""NP""";;;X.XX;"""LQ"" used to define a data below the quantification limit, ""LD"" used to define a data below the detection limit, ""NA"" used to signify an absence of information and ""NP"" used to signify that the data is not public.";Frantzen et al. (2016);http://rs.tdwg.org/dwc/terms/measurementValue;http://vocab.nerc.ac.uk/collection/P09/current/BAAW/;skos:closeMatch
;Water_surface_chrysene_concentration_ng_per_L;Concentration of chrysene in nanogram per liter of surface water analysed using a Gas chromatography mass spectrometry (GC-MS).;;218-01-9;Numeric;ng/L;1;0.3;Accurate to 1/100th of a ng.;1.73;"1.73, ""LQ"", ""LD"", ""NA"" or ""NP""";;;X.XX;"""LQ"" used to define a data below the quantification limit, ""LD"" used to define a data below the detection limit, ""NA"" used to signify an absence of information and ""NP"" used to signify that the data is not public.";Frantzen et al. (2016);http://rs.tdwg.org/dwc/terms/measurementValue;http://vocab.nerc.ac.uk/collection/P09/current/CRYW/;skos:closeMatch
;Water_surface_C1-chrysene_concentration_ng_per_L;Concentration in nanogram per liter of surface water of a group of molecules with a common empirical formula, i.e. chrysene with the addition of a methyl (CH3), but with a different structural formula, as the methyl may be bonded to different atoms of the chrysene. The samples were analysed using a Gas chromatography mass spectrometry (GC-MS).;;Numerous different CAS numbers;Numeric;ng/L;1;0.3;Accurate to 1/100th of a ng.;LD;"""LD"", ""NA"" or ""NP""";;;X.XX;"""LD"" used to define a data below the detection limit, ""NA"" used to signify an absence of information and ""NP"" used to signify that the data is not public.";Frantzen et al. (2016);http://rs.tdwg.org/dwc/terms/measurementValue;http://purl.org/nemo/doce#ChemicalEntityConcentrationQualityKind;skos:relatedMatch
;Water_surface_C2-chrysene_concentration_ng_per_L;Concentration in nanogram per liter of surface water of a group of chemical molecules with a common empirical formula, i.e. chrysene with the addition of two methyl (CH3) or one ethyl (C2H5), but with a different structural formula, as the methyls or the ethyl may be bonded to different atoms of the chrysene. The samples were analysed using a Gas chromatography mass spectrometry (GC-MS).;;Numerous different CAS numbers;Numeric;ng/L;1;0.3;Accurate to 1/100th of a ng.;LD;"""LD"", ""NA"" or ""NP""";;;X.XX;"""LD"" used to define a data below the detection limit, ""NA"" used to signify an absence of information and ""NP"" used to signify that the data is not public.";Frantzen et al. (2016);http://rs.tdwg.org/dwc/terms/measurementValue;http://purl.org/nemo/doce#ChemicalEntityConcentrationQualityKind;skos:relatedMatch
;Water_surface_C3-chrysene_concentration_ng_per_L;Concentration in nanogram per liter of surface water of a group of chemical molecules with a common empirical formula, i.e. chrysene plus three methyls (CH3), one ethyl (C2H5) and one methyl, or one propyl (C3H7), but with a different structural formula, as the methyls, the ethyl and the methyl, or the propyl may be bonded to different atoms of the chrysene. The samples were analysed using a Gas chromatography mass spectrometry (GC-MS).;;Numerous different CAS numbers;Numeric;ng/L;1;0.3;Accurate to 1/100th of a ng.;LD;"""LD"", ""NA"" or ""NP""";;;X.XX;"""LD"" used to define a data below the detection limit, ""NA"" used to signify an absence of information and ""NP"" used to signify that the data is not public.";Frantzen et al. (2016);http://rs.tdwg.org/dwc/terms/measurementValue;http://purl.org/nemo/doce#ChemicalEntityConcentrationQualityKind;skos:relatedMatch
;Water_surface_benzo[b+k]fluranthene_concentration_ng_per_L;Concentration of benzo[b+k]fluranthene in nanogram per liter of surface water analysed using a Gas chromatography mass spectrometry (GC-MS).;;205-99-2 and 207-08-9;Numeric;ng/L;1;0.3;Accurate to 1/100th of a ng.;4.08;"From 1.86 to 4.08, ""LD"", ""NA"" or ""NP""";0.017 and 0.017;(EU) 2013/39;X.XX;"""LD"" used to define a data below the detection limit, ""NA"" used to signify an absence of information and ""NP"" used to signify that the data is not public.";Frantzen et al. (2016);http://rs.tdwg.org/dwc/terms/measurementValue;http://vocab.nerc.ac.uk/collection/P09/current/BBFW/ and http://vocab.nerc.ac.uk/collection/P09/current/BKFW/;skos:closeMatch
;Water_surface_benzo[e]pyrene_concentration_ng_per_L;Concentration of benzo[e]pyrene in nanogram per liter of surface water analysed using a Gas chromatography mass spectrometry (GC-MS).;;192-97-2;Numeric;ng/L;1;0.3;Accurate to 1/100th of a ng.;2.3;"2.30, ""LD"", ""NA"" or ""NP""";;;X.XX;"""LD"" used to define a data below the detection limit, ""NA"" used to signify an absence of information and ""NP"" used to signify that the data is not public.";Frantzen et al. (2016);http://rs.tdwg.org/dwc/terms/measurementValue;http://vocab.nerc.ac.uk/collection/P01/current/MUM13278/;skos:closeMatch
;Water_surface_benzo[a]pyrene_concentration_ng_per_L;Concentration of benzo[a]pyrene in nanogram per liter of surface water analysed using a Gas chromatography mass spectrometry (GC-MS).;;50-32-8;Numeric;ng/L;1;0.3;Accurate to 1/100th of a ng.;1;"1.00, ""LD"", ""NA"" or ""NP""";0.027;(EU) 2013/39;X.XX;"""LD"" used to define a data below the detection limit, ""NA"" used to signify an absence of information and ""NP"" used to signify that the data is not public.";Frantzen et al. (2016);http://rs.tdwg.org/dwc/terms/measurementValue;http://vocab.nerc.ac.uk/collection/P09/current/BAPW/;skos:closeMatch
;Water_surface_perylene_concentration_ng_per_L;Concentration of perylene in nanogram per liter of surface water analysed using a Gas chromatography mass spectrometry (GC-MS).;;198-55-0;Numeric;ng/L;1;0.3;Accurate to 1/100th of a ng.;1.1;"1.10, ""LD"", ""NA"" or ""NP""";;;X.XX;"""LD"" used to define a data below the detection limit, ""NA"" used to signify an absence of information and ""NP"" used to signify that the data is not public.";Frantzen et al. (2016);http://rs.tdwg.org/dwc/terms/measurementValue;http://vocab.nerc.ac.uk/collection/P01/current/MUM13281/;skos:closeMatch
;Water_surface_indeno[1,2,3-cd]pyrene_concentration_ng_per_L;Concentration of indeno[1,2,3-cd]pyrene in nanogram per liter of surface water analysed using a Gas chromatography mass spectrometry (GC-MS).;;193-39-5;Numeric;ng/L;5;1.5;Accurate to 1/100th of a ng.;LD;"""LQ"", ""LD"", ""NA"" or ""NP""";;;X.XX;"""LQ"" used to define a data below the quantification limit, ""LD"" used to define a data below the detection limit, ""NA"" used to signify an absence of information and ""NP"" used to signify that the data is not public.";Frantzen et al. (2016);http://rs.tdwg.org/dwc/terms/measurementValue;http://vocab.nerc.ac.uk/collection/P09/current/IDPW/;skos:closeMatch
;Water_surface_dibenz[a,h]anthracene_concentration_ng_per_L;Concentration of dibenz[a,h]anthracene in nanogram per liter of surface water analysed using a Gas chromatography mass spectrometry (GC-MS).;;53-70-3;Numeric;ng/L;5;1.5;Accurate to 1/100th of a ng.;LD;"""LQ"", ""LD"", ""NA"" or ""NP""";;;X.XX;"""LQ"" used to define a data below the quantification limit, ""LD"" used to define a data below the detection limit, ""NA"" used to signify an absence of information and ""NP"" used to signify that the data is not public.";Frantzen et al. (2016);http://rs.tdwg.org/dwc/terms/measurementValue;http://vocab.nerc.ac.uk/collection/P09/current/DBAW/;skos:closeMatch
;Water_surface_benzo[ghi]perylene_concentration_ng_per_L;Concentration of benzo[ghi]perylene in nanogram per liter of surface water analysed using a Gas chromatography mass spectrometry (GC-MS).;;191-24-2;Numeric;ng/L;5;1.5;Accurate to 1/100th of a ng.;LQ;"""LQ"", ""LD"", ""NA"" or ""NP""";8.2*10-4;(EU) 2013/39;X.XX;"""LQ"" used to define a data below the quantification limit, ""LD"" used to define a data below the detection limit, ""NA"" used to signify an absence of information and ""NP"" used to signify that the data is not public.";Frantzen et al. (2016);http://rs.tdwg.org/dwc/terms/measurementValue;http://vocab.nerc.ac.uk/collection/P09/current/BGHW/;skos:closeMatch
;Water_measurements_protocol_DOI;Digital object identifier of the publication where the protocol followed for the water sampling may be found.;;;Text;;;;;https://doi.org/10.1016/j.marenvres.2020.104962 and https://doi.org/10.1016/j.ecoenv.2016.01.011;1 possible value : https://doi.org/10.1016/j.marenvres.2020.104962 and https://doi.org/10.1016/j.ecoenv.2016.01.011;;;;;;http://rs.tdwg.org/dwc/iri/samplingProtocol;http://purl.org/cerif/frapo/Output;skos:relatedMatch
Field_organisms_samples;;;;;;;;;;;;;;;;;;;
;Field_organism_sample_ID;Unique identifier of the collected organism or pool of organisms.;;;Text;;;;;Field_pattela_001;As many values as organisms sampled;;;;;;http://rs.tdwg.org/dwc/terms/materialSampleID;http://vocab.nerc.ac.uk/collection/MVB/current/MVB000134/;skos:closeMatch
;Fieldwork_ID;Unique identifier of the fieldwork carried out on a specific date and located at a specific station.;;;Text;;;;;2020-01-14_Calvi_fairing;As many values as sampling conducted.;;;Sampling date_sampling station;;;http://rs.tdwg.org/dwc/terms/eventID;http://vocab.nerc.ac.uk/collection/MVB/current/MVB000103/;skos:closeMatch
;Field_organism_sample_species_name;"Species name of the sampled organism if known. If the species is not known, the genus name followed by ""sp."" is used.";;;Text;;;;;Patella sp.;4 possible values: Patella sp. / Mytilus galloprovincialis / Holothuria sp. / Mimachlamys varia;;;;;;http://rs.tdwg.org/dwc/terms/scientificName;http://vocab.nerc.ac.uk/collection/MVB/current/MVB000024/;skos:closeMatch
;TAXREF_ID;"Identifier of the sampled organism species if known according to the taxonomic repository TAXREF. If the species is not known, the genus given by the TAXREF is used, followed by ""sp."". ";;;Text;;;;;Patella sp.;4 possible values: Patella sp. / Mytilus galloprovincialis / Holothuria sp. / Mimachlamys varia;;;;;MNHN & OFB [Ed]. 2003-2022. Inventaire national du patrimoine naturel (INPN), website : https://inpn.mnhn.fr 3 march 2022.;http://rs.tdwg.org/dwc/terms/scientificName;http://purl.org/cerif/frapo/hasCatalogNumber;skos:relatedMatch
;Lab_pool_ID;Unique identifier of the pool of organism(s).;;;Text;;;;;Pool_holothuria_006;As many values as pool sampled or created and analysed;;;;;;http://rs.tdwg.org/dwc/terms/materialSampleID;http://vocab.nerc.ac.uk/collection/P01/current/SAMPID01/;skos:closeMatch
TAXREF;;;;;;;;;;;;;;;;;;;
;TAXREF_ID;"Identifier of the sampled organism species if known according to the taxonomic repository TAXREF. If the species is not known, the genus given by the TAXREF is used, followed by ""sp."". ";;;Text;;;;;Patella sp.;4 possible values: Patella sp. / Mytilus galloprovincialis / Holothuria sp. / Mimachlamys varia;;;;;MNHN & OFB [Ed]. 2003-2022. Inventaire national du patrimoine naturel (INPN), website : https://inpn.mnhn.fr 3 march 2022.;http://rs.tdwg.org/dwc/terms/scientificName;http://purl.org/cerif/frapo/hasCatalogNumber;skos:relatedMatch
